[
{
  "model": "auth.group",
  "fields": {
    "name": "Analista",
    "permissions": [
      [
        "view_celda",
        "Protocolo_Metodos",
        "celda"
      ],
      [
        "view_cliente",
        "Protocolo_Metodos",
        "cliente"
      ],
      [
        "view_ensayo",
        "Protocolo_Metodos",
        "ensayo"
      ],
      [
        "view_estadoprotocolo",
        "Protocolo_Metodos",
        "estadoprotocolo"
      ],
      [
        "view_etapa",
        "Protocolo_Metodos",
        "etapa"
      ],
      [
        "view_metodo",
        "Protocolo_Metodos",
        "metodo"
      ],
      [
        "view_metodologia",
        "Protocolo_Metodos",
        "metodologia"
      ],
      [
        "view_muestras_y_placebos",
        "Protocolo_Metodos",
        "muestras_y_placebos"
      ],
      [
        "view_parametro",
        "Protocolo_Metodos",
        "parametro"
      ],
      [
        "view_protocolos",
        "Protocolo_Metodos",
        "protocolos"
      ],
      [
        "view_subparametro",
        "Protocolo_Metodos",
        "subparametro"
      ],
      [
        "view_tipo_muestra",
        "Protocolo_Metodos",
        "tipo_muestra"
      ],
      [
        "view_titulo_parametro",
        "Protocolo_Metodos",
        "titulo_parametro"
      ],
      [
        "view_viabilidad",
        "Protocolo_Metodos",
        "viabilidad"
      ],
      [
        "view_proceso",
        "Protocolo_Muestras",
        "proceso"
      ],
      [
        "view_viabilidadproceso",
        "Protocolo_Muestras",
        "viabilidadproceso"
      ],
      [
        "view_lavado_buzo",
        "Secuencias",
        "lavado_buzo"
      ],
      [
        "view_secuencias",
        "Secuencias",
        "secuencias"
      ],
      [
        "view_sistema",
        "Secuencias",
        "sistema"
      ],
      [
        "view_usuario_auditor",
        "Secuencias",
        "usuario_auditor"
      ],
      [
        "view_usuario_impresion",
        "Secuencias",
        "usuario_impresion"
      ],
      [
        "view_usuario_invalidar",
        "Secuencias",
        "usuario_invalidar"
      ],
      [
        "view_usuario_reporte",
        "Secuencias",
        "usuario_reporte"
      ],
      [
        "view_usuario_validar",
        "Secuencias",
        "usuario_validar"
      ],
      [
        "view_logentry",
        "admin",
        "logentry"
      ],
      [
        "view_group",
        "auth",
        "group"
      ],
      [
        "view_permission",
        "auth",
        "permission"
      ],
      [
        "view_user",
        "auth",
        "user"
      ],
      [
        "view_contenttype",
        "contenttypes",
        "contenttype"
      ],
      [
        "view_perfil",
        "perfiles",
        "perfil"
      ],
      [
        "view_session",
        "sessions",
        "session"
      ]
    ]
  }
},
{
  "model": "auth.group",
  "fields": {
    "name": "Auditor",
    "permissions": [
      [
        "view_celda",
        "Protocolo_Metodos",
        "celda"
      ],
      [
        "view_cliente",
        "Protocolo_Metodos",
        "cliente"
      ],
      [
        "view_ensayo",
        "Protocolo_Metodos",
        "ensayo"
      ],
      [
        "view_estadoprotocolo",
        "Protocolo_Metodos",
        "estadoprotocolo"
      ],
      [
        "view_etapa",
        "Protocolo_Metodos",
        "etapa"
      ],
      [
        "view_metodo",
        "Protocolo_Metodos",
        "metodo"
      ],
      [
        "view_metodologia",
        "Protocolo_Metodos",
        "metodologia"
      ],
      [
        "view_muestras_y_placebos",
        "Protocolo_Metodos",
        "muestras_y_placebos"
      ],
      [
        "view_parametro",
        "Protocolo_Metodos",
        "parametro"
      ],
      [
        "view_protocolos",
        "Protocolo_Metodos",
        "protocolos"
      ],
      [
        "view_subparametro",
        "Protocolo_Metodos",
        "subparametro"
      ],
      [
        "view_tipo_muestra",
        "Protocolo_Metodos",
        "tipo_muestra"
      ],
      [
        "view_titulo_parametro",
        "Protocolo_Metodos",
        "titulo_parametro"
      ],
      [
        "view_viabilidad",
        "Protocolo_Metodos",
        "viabilidad"
      ],
      [
        "view_proceso",
        "Protocolo_Muestras",
        "proceso"
      ],
      [
        "view_viabilidadproceso",
        "Protocolo_Muestras",
        "viabilidadproceso"
      ],
      [
        "view_lavado_buzo",
        "Secuencias",
        "lavado_buzo"
      ],
      [
        "view_secuencias",
        "Secuencias",
        "secuencias"
      ],
      [
        "view_sistema",
        "Secuencias",
        "sistema"
      ],
      [
        "view_usuario_auditor",
        "Secuencias",
        "usuario_auditor"
      ],
      [
        "view_usuario_impresion",
        "Secuencias",
        "usuario_impresion"
      ],
      [
        "view_usuario_invalidar",
        "Secuencias",
        "usuario_invalidar"
      ],
      [
        "view_usuario_reporte",
        "Secuencias",
        "usuario_reporte"
      ],
      [
        "view_usuario_validar",
        "Secuencias",
        "usuario_validar"
      ],
      [
        "view_logentry",
        "admin",
        "logentry"
      ],
      [
        "view_group",
        "auth",
        "group"
      ],
      [
        "view_permission",
        "auth",
        "permission"
      ],
      [
        "view_user",
        "auth",
        "user"
      ],
      [
        "view_contenttype",
        "contenttypes",
        "contenttype"
      ],
      [
        "view_perfil",
        "perfiles",
        "perfil"
      ],
      [
        "view_session",
        "sessions",
        "session"
      ]
    ]
  }
},
{
  "model": "auth.group",
  "fields": {
    "name": "Superusuario",
    "permissions": [
      [
        "view_celda",
        "Protocolo_Metodos",
        "celda"
      ],
      [
        "view_cliente",
        "Protocolo_Metodos",
        "cliente"
      ],
      [
        "view_ensayo",
        "Protocolo_Metodos",
        "ensayo"
      ],
      [
        "view_estadoprotocolo",
        "Protocolo_Metodos",
        "estadoprotocolo"
      ],
      [
        "view_etapa",
        "Protocolo_Metodos",
        "etapa"
      ],
      [
        "view_metodo",
        "Protocolo_Metodos",
        "metodo"
      ],
      [
        "view_metodologia",
        "Protocolo_Metodos",
        "metodologia"
      ],
      [
        "view_muestras_y_placebos",
        "Protocolo_Metodos",
        "muestras_y_placebos"
      ],
      [
        "view_parametro",
        "Protocolo_Metodos",
        "parametro"
      ],
      [
        "view_protocolos",
        "Protocolo_Metodos",
        "protocolos"
      ],
      [
        "view_subparametro",
        "Protocolo_Metodos",
        "subparametro"
      ],
      [
        "view_tipo_muestra",
        "Protocolo_Metodos",
        "tipo_muestra"
      ],
      [
        "view_titulo_parametro",
        "Protocolo_Metodos",
        "titulo_parametro"
      ],
      [
        "view_viabilidad",
        "Protocolo_Metodos",
        "viabilidad"
      ],
      [
        "view_proceso",
        "Protocolo_Muestras",
        "proceso"
      ],
      [
        "view_viabilidadproceso",
        "Protocolo_Muestras",
        "viabilidadproceso"
      ],
      [
        "view_lavado_buzo",
        "Secuencias",
        "lavado_buzo"
      ],
      [
        "view_secuencias",
        "Secuencias",
        "secuencias"
      ],
      [
        "view_sistema",
        "Secuencias",
        "sistema"
      ],
      [
        "view_usuario_auditor",
        "Secuencias",
        "usuario_auditor"
      ],
      [
        "view_usuario_impresion",
        "Secuencias",
        "usuario_impresion"
      ],
      [
        "view_usuario_invalidar",
        "Secuencias",
        "usuario_invalidar"
      ],
      [
        "view_usuario_reporte",
        "Secuencias",
        "usuario_reporte"
      ],
      [
        "view_usuario_validar",
        "Secuencias",
        "usuario_validar"
      ],
      [
        "view_logentry",
        "admin",
        "logentry"
      ],
      [
        "view_group",
        "auth",
        "group"
      ],
      [
        "view_permission",
        "auth",
        "permission"
      ],
      [
        "view_user",
        "auth",
        "user"
      ],
      [
        "view_contenttype",
        "contenttypes",
        "contenttype"
      ],
      [
        "view_perfil",
        "perfiles",
        "perfil"
      ],
      [
        "view_session",
        "sessions",
        "session"
      ]
    ]
  }
},
{
  "model": "auth.group",
  "fields": {
    "name": "Administrador",
    "permissions": []
  }
},
{
  "model": "auth.user",
  "fields": {
    "password": "pbkdf2_sha256$1200000$YpX4zD7JfZqT90bIt5zXf0$YNfC6lP0AG2boiHqYtDMpP/qfu/q4722BeFavN3pMqA=",
    "last_login": "2026-02-24T01:18:32.374Z",
    "is_superuser": true,
    "username": "hassan",
    "first_name": "",
    "last_name": "",
    "email": "hassan_84@hotmail.es",
    "is_staff": true,
    "is_active": true,
    "date_joined": "2025-02-28T02:59:32.062Z",
    "groups": [],
    "user_permissions": []
  }
},
{
  "model": "auth.user",
  "fields": {
    "password": "pbkdf2_sha256$1200000$Tc1Gj7riPBW4R4wGm2yF0O$0cZoFn+AmEjd77Hyqe99enQZdW+Pv1s0kuGh5Sh2/Ao=",
    "last_login": "2026-02-24T13:09:12.547Z",
    "is_superuser": false,
    "username": "Analista",
    "first_name": "Analista Demo",
    "last_name": "",
    "email": "",
    "is_staff": false,
    "is_active": true,
    "date_joined": "2026-02-23T14:39:04Z",
    "groups": [
      [
        "Analista"
      ]
    ],
    "user_permissions": []
  }
},
{
  "model": "auth.user",
  "fields": {
    "password": "pbkdf2_sha256$1200000$GNIOYgQSPihKdnppXHbDDP$oiJ5nELcGzkcOY5bgqnehHlyzRlA4jw2Df3g4G2lCaw=",
    "last_login": "2026-02-24T03:52:17.385Z",
    "is_superuser": false,
    "username": "Auditor",
    "first_name": "Auditor Demo",
    "last_name": "",
    "email": "",
    "is_staff": false,
    "is_active": true,
    "date_joined": "2026-02-23T14:40:09Z",
    "groups": [
      [
        "Auditor"
      ]
    ],
    "user_permissions": []
  }
},
{
  "model": "auth.user",
  "fields": {
    "password": "pbkdf2_sha256$1200000$vYbNMo3SzK1bSBbyaMAZTH$OILL5YjkQrDiuceS/3bANBHVevDl+eH8O/6/HZb2qOA=",
    "last_login": "2026-02-23T15:14:51Z",
    "is_superuser": false,
    "username": "Administrador_real",
    "first_name": "Administrador",
    "last_name": "",
    "email": "",
    "is_staff": false,
    "is_active": true,
    "date_joined": "2026-02-23T14:40:35Z",
    "groups": [
      [
        "Superusuario"
      ]
    ],
    "user_permissions": []
  }
},
{
  "model": "auth.user",
  "fields": {
    "password": "pbkdf2_sha256$1200000$6RngNcQCxjw1OhCqS2k7m0$+sD3vgWi4DhljGo87FDkIy1y09gDGqaim8Wv3oTzkKE=",
    "last_login": "2026-02-23T21:33:21.268Z",
    "is_superuser": true,
    "username": "19602606",
    "first_name": "",
    "last_name": "",
    "email": "correo@correo.com",
    "is_staff": true,
    "is_active": true,
    "date_joined": "2026-02-23T15:02:50.330Z",
    "groups": [],
    "user_permissions": []
  }
},
{
  "model": "auth.user",
  "fields": {
    "password": "pbkdf2_sha256$1200000$tQxVuF34jFb994yHe581EO$TTHLBMa4K0N1gomNisW1XJG0KFpI36QPGYsSrgK1Suw=",
    "last_login": "2026-02-24T12:33:23.983Z",
    "is_superuser": false,
    "username": "Administrador",
    "first_name": "Administrador Demo",
    "last_name": "",
    "email": "",
    "is_staff": false,
    "is_active": true,
    "date_joined": "2026-02-23T15:31:23Z",
    "groups": [
      [
        "Administrador"
      ]
    ],
    "user_permissions": []
  }
},
{
  "model": "sessions.session",
  "pk": "4blclpf3vs0sn2s2z9gsemcu3b4ep8ar",
  "fields": {
    "session_data": ".eJxVjDkOwjAUBe_iGlnebVHScwbrLzYOIEeKkwpxd4iUAto3M-8lMmxry9soS55YnIUXp98NgR6l74Dv0G-zpLmvy4RyV-RBh7zOXJ6Xw_07aDDatzbGB9TFVkMOOQAo1i6RQRWcI4rK6giWvLfMWFOqEWq0YHx1FhIr8f4A58o4Gg:1vusA4:N9mTD_g8_wNZT1nwHi_b-Kh_pjsY87RZAn9L7nSvkv0",
    "expire_date": "2026-03-10T13:09:12.563Z"
  }
},
{
  "model": "sessions.session",
  "pk": "rcbw67veqvfq22f91eng3s9otop44kvp",
  "fields": {
    "session_data": ".eJxVjEEOwiAQRe_C2pC2MxRw6d4zkGGGStVAUtqV8e7apAvd_vfef6lA25rD1tISZlFnBer0u0XiRyo7kDuVW9Vcy7rMUe-KPmjT1yrpeTncv4NMLX9r9Bg9ixumCDyyIZCOnVjquB8RnEng0RiyDJI8iR2siRNwj4yOLan3B_CHODs:1tnqiC:PVKbbUiif0yti_qHlGfzppM9IAKeZxljgWIzvBj1A4g",
    "expire_date": "2025-03-14T03:06:52.469Z"
  }
},
{
  "model": "Protocolo_Metodos.tipo_muestra",
  "pk": 1,
  "fields": {
    "tipo_muestra": "Muestra de Proceso",
    "condicion": "Activo"
  }
},
{
  "model": "Protocolo_Metodos.tipo_muestra",
  "pk": 2,
  "fields": {
    "tipo_muestra": "Producto Terminado",
    "condicion": "Activo"
  }
},
{
  "model": "Protocolo_Metodos.ensayo",
  "pk": 1,
  "fields": {
    "nombre_ensayo": "Valoración",
    "condicion": "Activo"
  }
},
{
  "model": "Protocolo_Metodos.ensayo",
  "pk": 2,
  "fields": {
    "nombre_ensayo": "Disolución",
    "condicion": "Activo"
  }
},
{
  "model": "Protocolo_Metodos.ensayo",
  "pk": 3,
  "fields": {
    "nombre_ensayo": "Impurezas",
    "condicion": "Activo"
  }
},
{
  "model": "Protocolo_Metodos.ensayo",
  "pk": 4,
  "fields": {
    "nombre_ensayo": "UDC",
    "condicion": "Activo"
  }
},
{
  "model": "Protocolo_Metodos.ensayo",
  "pk": 5,
  "fields": {
    "nombre_ensayo": "Trazas",
    "condicion": "Activo"
  }
},
{
  "model": "Protocolo_Metodos.ensayo",
  "pk": 6,
  "fields": {
    "nombre_ensayo": "-",
    "condicion": "Activo"
  }
},
{
  "model": "Protocolo_Metodos.metodo",
  "pk": 1,
  "fields": {
    "codigo_metodo": "MTH-001",
    "nombre_metodo": "Lemovitc",
    "condicion": "Activo"
  }
},
{
  "model": "Protocolo_Metodos.metodo",
  "pk": 2,
  "fields": {
    "codigo_metodo": "MTH-002",
    "nombre_metodo": "Ibucare",
    "condicion": "Activo"
  }
},
{
  "model": "Protocolo_Metodos.metodo",
  "pk": 3,
  "fields": {
    "codigo_metodo": "MTH-003",
    "nombre_metodo": "Parazyn",
    "condicion": "Activo"
  }
},
{
  "model": "Protocolo_Metodos.metodo",
  "pk": 4,
  "fields": {
    "codigo_metodo": "MTH-004",
    "nombre_metodo": "Amoxifen",
    "condicion": "Activo"
  }
},
{
  "model": "Protocolo_Metodos.metodo",
  "pk": 5,
  "fields": {
    "codigo_metodo": "MTH-005",
    "nombre_metodo": "Metforinex",
    "condicion": "Activo"
  }
},
{
  "model": "Protocolo_Metodos.metodo",
  "pk": 6,
  "fields": {
    "codigo_metodo": "MTH-006",
    "nombre_metodo": "Omezol",
    "condicion": "Activo"
  }
},
{
  "model": "Protocolo_Metodos.metodo",
  "pk": 7,
  "fields": {
    "codigo_metodo": "MTH-007",
    "nombre_metodo": "Loracalm",
    "condicion": "Activo"
  }
},
{
  "model": "Protocolo_Metodos.metodo",
  "pk": 8,
  "fields": {
    "codigo_metodo": "MTH-008",
    "nombre_metodo": "Diclofenex",
    "condicion": "Activo"
  }
},
{
  "model": "Protocolo_Metodos.etapa",
  "pk": 1,
  "fields": {
    "nombre_etapa": "Holding Time Tiempo 0",
    "ensayo": 1,
    "condicion": "Activo"
  }
},
{
  "model": "Protocolo_Metodos.etapa",
  "pk": 2,
  "fields": {
    "nombre_etapa": "Holding Time Tiempo 0",
    "ensayo": 2,
    "condicion": "Activo"
  }
},
{
  "model": "Protocolo_Metodos.etapa",
  "pk": 3,
  "fields": {
    "nombre_etapa": "Holding Time Tiempo 0",
    "ensayo": 3,
    "condicion": "Activo"
  }
},
{
  "model": "Protocolo_Metodos.etapa",
  "pk": 4,
  "fields": {
    "nombre_etapa": "Holding Time Tiempo 1",
    "ensayo": 1,
    "condicion": "Activo"
  }
},
{
  "model": "Protocolo_Metodos.etapa",
  "pk": 5,
  "fields": {
    "nombre_etapa": "Holding Time Tiempo 1",
    "ensayo": 2,
    "condicion": "Activo"
  }
},
{
  "model": "Protocolo_Metodos.etapa",
  "pk": 6,
  "fields": {
    "nombre_etapa": "Holding Time Tiempo 1",
    "ensayo": 3,
    "condicion": "Activo"
  }
},
{
  "model": "Protocolo_Metodos.etapa",
  "pk": 7,
  "fields": {
    "nombre_etapa": "Holding Time Tiempo 2",
    "ensayo": 1,
    "condicion": "Activo"
  }
},
{
  "model": "Protocolo_Metodos.etapa",
  "pk": 8,
  "fields": {
    "nombre_etapa": "Holding Time Tiempo 2",
    "ensayo": 2,
    "condicion": "Activo"
  }
},
{
  "model": "Protocolo_Metodos.etapa",
  "pk": 9,
  "fields": {
    "nombre_etapa": "Holding Time Tiempo 2",
    "ensayo": 3,
    "condicion": "Activo"
  }
},
{
  "model": "Protocolo_Metodos.etapa",
  "pk": 10,
  "fields": {
    "nombre_etapa": "-",
    "ensayo": 6,
    "condicion": "Activo"
  }
},
{
  "model": "Protocolo_Metodos.estadoprotocolo",
  "pk": 1,
  "fields": {
    "estado_protocolos": "En progreso",
    "estado_motivo": "(En ejecución)",
    "condicion": "Activo"
  }
},
{
  "model": "Protocolo_Metodos.estadoprotocolo",
  "pk": 2,
  "fields": {
    "estado_protocolos": "Insumos pendientes",
    "estado_motivo": "(Falta de insumos)",
    "condicion": "Activo"
  }
},
{
  "model": "Protocolo_Metodos.estadoprotocolo",
  "pk": 3,
  "fields": {
    "estado_protocolos": "Revisión metodológica",
    "estado_motivo": "(Problemas de metodología)",
    "condicion": "Activo"
  }
},
{
  "model": "Protocolo_Metodos.estadoprotocolo",
  "pk": 4,
  "fields": {
    "estado_protocolos": "Muestra no válida",
    "estado_motivo": "(Muestras no cumplen parámetros)",
    "condicion": "Activo"
  }
},
{
  "model": "Protocolo_Metodos.estadoprotocolo",
  "pk": 5,
  "fields": {
    "estado_protocolos": "Registrado",
    "estado_motivo": "(Ingresado)",
    "condicion": "Activo"
  }
},
{
  "model": "Protocolo_Metodos.estadoprotocolo",
  "pk": 6,
  "fields": {
    "estado_protocolos": "Completado",
    "estado_motivo": "(Culminado)",
    "condicion": "Activo"
  }
},
{
  "model": "Protocolo_Metodos.metodologia",
  "pk": 1,
  "fields": {
    "nombre_metodologia": "HPLC",
    "condicion": "Activo"
  }
},
{
  "model": "Protocolo_Metodos.metodologia",
  "pk": 2,
  "fields": {
    "nombre_metodologia": "UHPLC",
    "condicion": "Activo"
  }
},
{
  "model": "Protocolo_Metodos.metodologia",
  "pk": 3,
  "fields": {
    "nombre_metodologia": "Headspace GC",
    "condicion": "Activo"
  }
},
{
  "model": "Protocolo_Metodos.metodologia",
  "pk": 4,
  "fields": {
    "nombre_metodologia": "Torre GC",
    "condicion": "Activo"
  }
},
{
  "model": "Protocolo_Metodos.subparametro",
  "pk": 1,
  "fields": {
    "nombre_subparametro": "Analista 1 día 1",
    "condicion": "Activo"
  }
},
{
  "model": "Protocolo_Metodos.subparametro",
  "pk": 2,
  "fields": {
    "nombre_subparametro": "Analista 1 día 2",
    "condicion": "Activo"
  }
},
{
  "model": "Protocolo_Metodos.subparametro",
  "pk": 3,
  "fields": {
    "nombre_subparametro": "Analista 2 día 1",
    "condicion": "Activo"
  }
},
{
  "model": "Protocolo_Metodos.subparametro",
  "pk": 4,
  "fields": {
    "nombre_subparametro": "Analista 2 día 2",
    "condicion": "Activo"
  }
},
{
  "model": "Protocolo_Metodos.subparametro",
  "pk": 5,
  "fields": {
    "nombre_subparametro": "Tiempo 0",
    "condicion": "Activo"
  }
},
{
  "model": "Protocolo_Metodos.subparametro",
  "pk": 6,
  "fields": {
    "nombre_subparametro": "Tiempo 1",
    "condicion": "Activo"
  }
},
{
  "model": "Protocolo_Metodos.subparametro",
  "pk": 7,
  "fields": {
    "nombre_subparametro": "Tiempo 2",
    "condicion": "Activo"
  }
},
{
  "model": "Protocolo_Metodos.subparametro",
  "pk": 8,
  "fields": {
    "nombre_subparametro": "Tiempo 3",
    "condicion": "Activo"
  }
},
{
  "model": "Protocolo_Metodos.subparametro",
  "pk": 9,
  "fields": {
    "nombre_subparametro": "Recuperación",
    "condicion": "Activo"
  }
},
{
  "model": "Protocolo_Metodos.subparametro",
  "pk": 10,
  "fields": {
    "nombre_subparametro": "Experimento 1",
    "condicion": "Activo"
  }
},
{
  "model": "Protocolo_Metodos.subparametro",
  "pk": 11,
  "fields": {
    "nombre_subparametro": "Experimento 2",
    "condicion": "Activo"
  }
},
{
  "model": "Protocolo_Metodos.subparametro",
  "pk": 12,
  "fields": {
    "nombre_subparametro": "Experimento 3",
    "condicion": "Activo"
  }
},
{
  "model": "Protocolo_Metodos.subparametro",
  "pk": 13,
  "fields": {
    "nombre_subparametro": "Experimento 4",
    "condicion": "Activo"
  }
},
{
  "model": "Protocolo_Metodos.subparametro",
  "pk": 14,
  "fields": {
    "nombre_subparametro": "Experimento 5",
    "condicion": "Activo"
  }
},
{
  "model": "Protocolo_Metodos.subparametro",
  "pk": 15,
  "fields": {
    "nombre_subparametro": "Experimento 6",
    "condicion": "Activo"
  }
},
{
  "model": "Protocolo_Metodos.subparametro",
  "pk": 16,
  "fields": {
    "nombre_subparametro": "Experimento 7",
    "condicion": "Activo"
  }
},
{
  "model": "Protocolo_Metodos.subparametro",
  "pk": 17,
  "fields": {
    "nombre_subparametro": "Experimento 8",
    "condicion": "Activo"
  }
},
{
  "model": "Protocolo_Metodos.titulo_parametro",
  "pk": 1,
  "fields": {
    "titulo_parametro": "Precisión Intermedia",
    "condicion": "Activo"
  }
},
{
  "model": "Protocolo_Metodos.titulo_parametro",
  "pk": 2,
  "fields": {
    "titulo_parametro": "Estabilidad",
    "condicion": "Activo"
  }
},
{
  "model": "Protocolo_Metodos.titulo_parametro",
  "pk": 3,
  "fields": {
    "titulo_parametro": "Robustez",
    "condicion": "Activo"
  }
},
{
  "model": "Protocolo_Metodos.titulo_parametro",
  "pk": 4,
  "fields": {
    "titulo_parametro": "Exactitud",
    "condicion": "Activo"
  }
},
{
  "model": "Protocolo_Metodos.parametro",
  "pk": 1,
  "fields": {
    "nombre_titulo": 2,
    "nombre_parametro": 5,
    "condicion": "Activo"
  }
},
{
  "model": "Protocolo_Metodos.parametro",
  "pk": 2,
  "fields": {
    "nombre_titulo": 2,
    "nombre_parametro": 6,
    "condicion": "Activo"
  }
},
{
  "model": "Protocolo_Metodos.parametro",
  "pk": 3,
  "fields": {
    "nombre_titulo": 2,
    "nombre_parametro": 7,
    "condicion": "Activo"
  }
},
{
  "model": "Protocolo_Metodos.parametro",
  "pk": 4,
  "fields": {
    "nombre_titulo": 2,
    "nombre_parametro": 8,
    "condicion": "Activo"
  }
},
{
  "model": "Protocolo_Metodos.parametro",
  "pk": 5,
  "fields": {
    "nombre_titulo": 4,
    "nombre_parametro": 9,
    "condicion": "Activo"
  }
},
{
  "model": "Protocolo_Metodos.parametro",
  "pk": 6,
  "fields": {
    "nombre_titulo": 1,
    "nombre_parametro": 1,
    "condicion": "Activo"
  }
},
{
  "model": "Protocolo_Metodos.parametro",
  "pk": 7,
  "fields": {
    "nombre_titulo": 1,
    "nombre_parametro": 2,
    "condicion": "Activo"
  }
},
{
  "model": "Protocolo_Metodos.parametro",
  "pk": 8,
  "fields": {
    "nombre_titulo": 1,
    "nombre_parametro": 3,
    "condicion": "Activo"
  }
},
{
  "model": "Protocolo_Metodos.parametro",
  "pk": 9,
  "fields": {
    "nombre_titulo": 1,
    "nombre_parametro": 4,
    "condicion": "Activo"
  }
},
{
  "model": "Protocolo_Metodos.parametro",
  "pk": 10,
  "fields": {
    "nombre_titulo": 3,
    "nombre_parametro": 10,
    "condicion": "Activo"
  }
},
{
  "model": "Protocolo_Metodos.parametro",
  "pk": 11,
  "fields": {
    "nombre_titulo": 3,
    "nombre_parametro": 11,
    "condicion": "Activo"
  }
},
{
  "model": "Protocolo_Metodos.parametro",
  "pk": 12,
  "fields": {
    "nombre_titulo": 3,
    "nombre_parametro": 12,
    "condicion": "Activo"
  }
},
{
  "model": "Protocolo_Metodos.parametro",
  "pk": 13,
  "fields": {
    "nombre_titulo": 3,
    "nombre_parametro": 13,
    "condicion": "Activo"
  }
},
{
  "model": "Protocolo_Metodos.parametro",
  "pk": 14,
  "fields": {
    "nombre_titulo": 3,
    "nombre_parametro": 14,
    "condicion": "Activo"
  }
},
{
  "model": "Protocolo_Metodos.parametro",
  "pk": 15,
  "fields": {
    "nombre_titulo": 3,
    "nombre_parametro": 15,
    "condicion": "Activo"
  }
},
{
  "model": "Protocolo_Metodos.parametro",
  "pk": 16,
  "fields": {
    "nombre_titulo": 3,
    "nombre_parametro": 16,
    "condicion": "Activo"
  }
},
{
  "model": "Protocolo_Metodos.parametro",
  "pk": 17,
  "fields": {
    "nombre_titulo": 3,
    "nombre_parametro": 17,
    "condicion": "Activo"
  }
},
{
  "model": "Protocolo_Metodos.viabilidad",
  "pk": 1,
  "fields": {
    "nombre_viabilidad": "Reactivos químicos disponibles y dentro de la fecha de caducidad",
    "condicion": "Activo"
  }
},
{
  "model": "Protocolo_Metodos.viabilidad",
  "pk": 2,
  "fields": {
    "nombre_viabilidad": "Estándares de referencia certificados disponibles",
    "condicion": "Activo"
  }
},
{
  "model": "Protocolo_Metodos.viabilidad",
  "pk": 3,
  "fields": {
    "nombre_viabilidad": "Disolventes HPLC (grado analítico / HPLC) preparados",
    "condicion": "Activo"
  }
},
{
  "model": "Protocolo_Metodos.viabilidad",
  "pk": 4,
  "fields": {
    "nombre_viabilidad": "Filtros y membranas (0.45 μm o 0.22 μm) disponibles",
    "condicion": "Activo"
  }
},
{
  "model": "Protocolo_Metodos.viabilidad",
  "pk": 5,
  "fields": {
    "nombre_viabilidad": "Agua HPLC / Milli-Q lista y filtrada",
    "condicion": "Activo"
  }
},
{
  "model": "Protocolo_Metodos.viabilidad",
  "pk": 6,
  "fields": {
    "nombre_viabilidad": "HPLC calibrado y funcionando correctamente",
    "condicion": "Activo"
  }
},
{
  "model": "Protocolo_Metodos.viabilidad",
  "pk": 7,
  "fields": {
    "nombre_viabilidad": "Columnas adecuadas instaladas y condicionadas",
    "condicion": "Activo"
  }
},
{
  "model": "Protocolo_Metodos.muestras_y_placebos",
  "pk": 1,
  "fields": {
    "fecha_ingreso": "2026-02-20",
    "nombre_muestra": "Lemovitc 500 mg",
    "tipo_muestra": 2,
    "etapa": 10,
    "codigo_muestra_interno": "CI-0001",
    "codigo_muestra_producto": "MTH-001",
    "lote_muestra": "L001-2026",
    "observaciones_muestras": "Ninguna",
    "condicion": "Activo"
  }
},
{
  "model": "Protocolo_Metodos.muestras_y_placebos",
  "pk": 2,
  "fields": {
    "fecha_ingreso": "2026-02-20",
    "nombre_muestra": "Parazyn 250 mg",
    "tipo_muestra": 2,
    "etapa": 10,
    "codigo_muestra_interno": "MTH-002",
    "codigo_muestra_producto": "CI-0002",
    "lote_muestra": "L002-2026",
    "observaciones_muestras": "Ninguna",
    "condicion": "Activo"
  }
},
{
  "model": "Protocolo_Metodos.muestras_y_placebos",
  "pk": 3,
  "fields": {
    "fecha_ingreso": "2026-02-21",
    "nombre_muestra": "Ibucare 400 mg",
    "tipo_muestra": 2,
    "etapa": 10,
    "codigo_muestra_interno": "MTH-003",
    "codigo_muestra_producto": "CI-0003",
    "lote_muestra": "L003-2026",
    "observaciones_muestras": "Ninguna",
    "condicion": "Activo"
  }
},
{
  "model": "Protocolo_Metodos.muestras_y_placebos",
  "pk": 4,
  "fields": {
    "fecha_ingreso": "2026-02-21",
    "nombre_muestra": "Amoxifen 500 mg",
    "tipo_muestra": 1,
    "etapa": 1,
    "codigo_muestra_interno": "MTH-004",
    "codigo_muestra_producto": "CI-0004",
    "lote_muestra": "L004-2026",
    "observaciones_muestras": "Ninguna",
    "condicion": "Activo"
  }
},
{
  "model": "Protocolo_Metodos.muestras_y_placebos",
  "pk": 5,
  "fields": {
    "fecha_ingreso": "2026-02-21",
    "nombre_muestra": "Amoxifen 500 mg",
    "tipo_muestra": 1,
    "etapa": 2,
    "codigo_muestra_interno": "MTH-004",
    "codigo_muestra_producto": "CI-0004",
    "lote_muestra": "L004-2026",
    "observaciones_muestras": "Ninguna",
    "condicion": "Activo"
  }
},
{
  "model": "Protocolo_Metodos.muestras_y_placebos",
  "pk": 6,
  "fields": {
    "fecha_ingreso": "2026-02-21",
    "nombre_muestra": "Amoxifen 500 mg",
    "tipo_muestra": 1,
    "etapa": 3,
    "codigo_muestra_interno": "MTH-004",
    "codigo_muestra_producto": "CI-0004",
    "lote_muestra": "L004-2026",
    "observaciones_muestras": "Ninguna",
    "condicion": "Activo"
  }
},
{
  "model": "Protocolo_Metodos.muestras_y_placebos",
  "pk": 7,
  "fields": {
    "fecha_ingreso": "2026-02-21",
    "nombre_muestra": "Amoxifen 500 mg",
    "tipo_muestra": 1,
    "etapa": 4,
    "codigo_muestra_interno": "MTH-004",
    "codigo_muestra_producto": "CI-0004",
    "lote_muestra": "L004-2026",
    "observaciones_muestras": "Ninguna",
    "condicion": "Activo"
  }
},
{
  "model": "Protocolo_Metodos.muestras_y_placebos",
  "pk": 8,
  "fields": {
    "fecha_ingreso": "2026-02-21",
    "nombre_muestra": "Amoxifen 500 mg",
    "tipo_muestra": 1,
    "etapa": 5,
    "codigo_muestra_interno": "MTH-004",
    "codigo_muestra_producto": "CI-0004",
    "lote_muestra": "L004-2026",
    "observaciones_muestras": "Ninguna",
    "condicion": "Activo"
  }
},
{
  "model": "Protocolo_Metodos.muestras_y_placebos",
  "pk": 9,
  "fields": {
    "fecha_ingreso": "2026-02-21",
    "nombre_muestra": "Amoxifen 500 mg",
    "tipo_muestra": 1,
    "etapa": 6,
    "codigo_muestra_interno": "MTH-004",
    "codigo_muestra_producto": "CI-0004",
    "lote_muestra": "L004-2026",
    "observaciones_muestras": "Ninguna",
    "condicion": "Activo"
  }
},
{
  "model": "Protocolo_Metodos.muestras_y_placebos",
  "pk": 10,
  "fields": {
    "fecha_ingreso": "2026-02-21",
    "nombre_muestra": "Amoxifen 500 mg",
    "tipo_muestra": 1,
    "etapa": 7,
    "codigo_muestra_interno": "MTH-004",
    "codigo_muestra_producto": "CI-0004",
    "lote_muestra": "L004-2026",
    "observaciones_muestras": "Ninguna",
    "condicion": "Activo"
  }
},
{
  "model": "Protocolo_Metodos.muestras_y_placebos",
  "pk": 11,
  "fields": {
    "fecha_ingreso": "2026-02-21",
    "nombre_muestra": "Amoxifen 500 mg",
    "tipo_muestra": 1,
    "etapa": 8,
    "codigo_muestra_interno": "MTH-004",
    "codigo_muestra_producto": "CI-0004",
    "lote_muestra": "L004-2026",
    "observaciones_muestras": "Ninguna",
    "condicion": "Activo"
  }
},
{
  "model": "Protocolo_Metodos.muestras_y_placebos",
  "pk": 12,
  "fields": {
    "fecha_ingreso": "2026-02-21",
    "nombre_muestra": "Amoxifen 500 mg",
    "tipo_muestra": 1,
    "etapa": 9,
    "codigo_muestra_interno": "MTH-004",
    "codigo_muestra_producto": "CI-0004",
    "lote_muestra": "L004-2026",
    "observaciones_muestras": "Ninguna",
    "condicion": "Activo"
  }
},
{
  "model": "Protocolo_Metodos.muestras_y_placebos",
  "pk": 13,
  "fields": {
    "fecha_ingreso": "2026-02-21",
    "nombre_muestra": "Metforinex 850 mg",
    "tipo_muestra": 1,
    "etapa": 1,
    "codigo_muestra_interno": "MTH-0055",
    "codigo_muestra_producto": "CI-0005",
    "lote_muestra": "L005-2026",
    "observaciones_muestras": "Ninguna",
    "condicion": "Activo"
  }
},
{
  "model": "Protocolo_Metodos.muestras_y_placebos",
  "pk": 14,
  "fields": {
    "fecha_ingreso": "2026-02-21",
    "nombre_muestra": "Metforinex 850 mg",
    "tipo_muestra": 1,
    "etapa": 2,
    "codigo_muestra_interno": "MTH-0055",
    "codigo_muestra_producto": "CI-0005",
    "lote_muestra": "L005-2026",
    "observaciones_muestras": "Ninguna",
    "condicion": "Activo"
  }
},
{
  "model": "Protocolo_Metodos.muestras_y_placebos",
  "pk": 15,
  "fields": {
    "fecha_ingreso": "2026-02-21",
    "nombre_muestra": "Metforinex 850 mg",
    "tipo_muestra": 1,
    "etapa": 3,
    "codigo_muestra_interno": "MTH-0055",
    "codigo_muestra_producto": "CI-0005",
    "lote_muestra": "L005-2026",
    "observaciones_muestras": "Ninguna",
    "condicion": "Activo"
  }
},
{
  "model": "Protocolo_Metodos.muestras_y_placebos",
  "pk": 16,
  "fields": {
    "fecha_ingreso": "2026-02-21",
    "nombre_muestra": "Metforinex 850 mg",
    "tipo_muestra": 1,
    "etapa": 4,
    "codigo_muestra_interno": "MTH-0055",
    "codigo_muestra_producto": "CI-0005",
    "lote_muestra": "L005-2026",
    "observaciones_muestras": "Ninguna",
    "condicion": "Activo"
  }
},
{
  "model": "Protocolo_Metodos.muestras_y_placebos",
  "pk": 17,
  "fields": {
    "fecha_ingreso": "2026-02-21",
    "nombre_muestra": "Metforinex 850 mg",
    "tipo_muestra": 1,
    "etapa": 5,
    "codigo_muestra_interno": "MTH-0055",
    "codigo_muestra_producto": "CI-0005",
    "lote_muestra": "L005-2026",
    "observaciones_muestras": "Ninguna",
    "condicion": "Activo"
  }
},
{
  "model": "Protocolo_Metodos.muestras_y_placebos",
  "pk": 18,
  "fields": {
    "fecha_ingreso": "2026-02-21",
    "nombre_muestra": "Metforinex 850 mg",
    "tipo_muestra": 1,
    "etapa": 6,
    "codigo_muestra_interno": "MTH-0055",
    "codigo_muestra_producto": "CI-0005",
    "lote_muestra": "L005-2026",
    "observaciones_muestras": "Ninguna",
    "condicion": "Activo"
  }
},
{
  "model": "Protocolo_Metodos.muestras_y_placebos",
  "pk": 19,
  "fields": {
    "fecha_ingreso": "2026-02-21",
    "nombre_muestra": "Metforinex 850 mg",
    "tipo_muestra": 1,
    "etapa": 7,
    "codigo_muestra_interno": "MTH-0055",
    "codigo_muestra_producto": "CI-0005",
    "lote_muestra": "L005-2026",
    "observaciones_muestras": "Ninguna",
    "condicion": "Activo"
  }
},
{
  "model": "Protocolo_Metodos.muestras_y_placebos",
  "pk": 20,
  "fields": {
    "fecha_ingreso": "2026-02-21",
    "nombre_muestra": "Metforinex 850 mg",
    "tipo_muestra": 1,
    "etapa": 8,
    "codigo_muestra_interno": "MTH-0055",
    "codigo_muestra_producto": "CI-0005",
    "lote_muestra": "L005-2026",
    "observaciones_muestras": "Ninguna",
    "condicion": "Activo"
  }
},
{
  "model": "Protocolo_Metodos.muestras_y_placebos",
  "pk": 21,
  "fields": {
    "fecha_ingreso": "2026-02-21",
    "nombre_muestra": "Metforinex 850 mg",
    "tipo_muestra": 1,
    "etapa": 9,
    "codigo_muestra_interno": "MTH-0055",
    "codigo_muestra_producto": "CI-0005",
    "lote_muestra": "L005-2026",
    "observaciones_muestras": "Ninguna",
    "condicion": "Activo"
  }
},
{
  "model": "Protocolo_Metodos.muestras_y_placebos",
  "pk": 22,
  "fields": {
    "fecha_ingreso": "2026-02-21",
    "nombre_muestra": "Omezol 20 mg",
    "tipo_muestra": 1,
    "etapa": 1,
    "codigo_muestra_interno": "MTH-006",
    "codigo_muestra_producto": "CI-0006",
    "lote_muestra": "L006-2026",
    "observaciones_muestras": "Ninguna",
    "condicion": "Activo"
  }
},
{
  "model": "Protocolo_Metodos.muestras_y_placebos",
  "pk": 23,
  "fields": {
    "fecha_ingreso": "2026-02-21",
    "nombre_muestra": "Omezol 20 mg",
    "tipo_muestra": 1,
    "etapa": 2,
    "codigo_muestra_interno": "MTH-006",
    "codigo_muestra_producto": "CI-0006",
    "lote_muestra": "L006-2026",
    "observaciones_muestras": "Ninguna",
    "condicion": "Activo"
  }
},
{
  "model": "Protocolo_Metodos.muestras_y_placebos",
  "pk": 24,
  "fields": {
    "fecha_ingreso": "2026-02-21",
    "nombre_muestra": "Omezol 20 mg",
    "tipo_muestra": 1,
    "etapa": 3,
    "codigo_muestra_interno": "MTH-006",
    "codigo_muestra_producto": "CI-0006",
    "lote_muestra": "L006-2026",
    "observaciones_muestras": "Ninguna",
    "condicion": "Activo"
  }
},
{
  "model": "Protocolo_Metodos.muestras_y_placebos",
  "pk": 25,
  "fields": {
    "fecha_ingreso": "2026-02-21",
    "nombre_muestra": "Omezol 20 mg",
    "tipo_muestra": 1,
    "etapa": 4,
    "codigo_muestra_interno": "MTH-006",
    "codigo_muestra_producto": "CI-0006",
    "lote_muestra": "L006-2026",
    "observaciones_muestras": "Ninguna",
    "condicion": "Activo"
  }
},
{
  "model": "Protocolo_Metodos.muestras_y_placebos",
  "pk": 26,
  "fields": {
    "fecha_ingreso": "2026-02-21",
    "nombre_muestra": "Omezol 20 mg",
    "tipo_muestra": 1,
    "etapa": 5,
    "codigo_muestra_interno": "MTH-006",
    "codigo_muestra_producto": "CI-0006",
    "lote_muestra": "L006-2026",
    "observaciones_muestras": "Ninguna",
    "condicion": "Activo"
  }
},
{
  "model": "Protocolo_Metodos.muestras_y_placebos",
  "pk": 27,
  "fields": {
    "fecha_ingreso": "2026-02-21",
    "nombre_muestra": "Omezol 20 mg",
    "tipo_muestra": 1,
    "etapa": 6,
    "codigo_muestra_interno": "MTH-006",
    "codigo_muestra_producto": "CI-0006",
    "lote_muestra": "L006-2026",
    "observaciones_muestras": "Ninguna",
    "condicion": "Activo"
  }
},
{
  "model": "Protocolo_Metodos.muestras_y_placebos",
  "pk": 28,
  "fields": {
    "fecha_ingreso": "2026-02-21",
    "nombre_muestra": "Omezol 20 mg",
    "tipo_muestra": 1,
    "etapa": 7,
    "codigo_muestra_interno": "MTH-006",
    "codigo_muestra_producto": "CI-0006",
    "lote_muestra": "L006-2026",
    "observaciones_muestras": "Ninguna",
    "condicion": "Activo"
  }
},
{
  "model": "Protocolo_Metodos.muestras_y_placebos",
  "pk": 29,
  "fields": {
    "fecha_ingreso": "2026-02-21",
    "nombre_muestra": "Omezol 20 mg",
    "tipo_muestra": 1,
    "etapa": 8,
    "codigo_muestra_interno": "MTH-006",
    "codigo_muestra_producto": "CI-0006",
    "lote_muestra": "L006-2026",
    "observaciones_muestras": "Ninguna",
    "condicion": "Activo"
  }
},
{
  "model": "Protocolo_Metodos.muestras_y_placebos",
  "pk": 30,
  "fields": {
    "fecha_ingreso": "2026-02-21",
    "nombre_muestra": "Omezol 20 mg",
    "tipo_muestra": 1,
    "etapa": 9,
    "codigo_muestra_interno": "MTH-006",
    "codigo_muestra_producto": "CI-0006",
    "lote_muestra": "L006-2026",
    "observaciones_muestras": "Ninguna",
    "condicion": "Activo"
  }
},
{
  "model": "Protocolo_Metodos.muestras_y_placebos",
  "pk": 31,
  "fields": {
    "fecha_ingreso": "2026-02-22",
    "nombre_muestra": "Loracalm 10 mg",
    "tipo_muestra": 1,
    "etapa": 1,
    "codigo_muestra_interno": "MTH-007",
    "codigo_muestra_producto": "CI-0007",
    "lote_muestra": "L007-2026",
    "observaciones_muestras": "Ninguna",
    "condicion": "Activo"
  }
},
{
  "model": "Protocolo_Metodos.muestras_y_placebos",
  "pk": 32,
  "fields": {
    "fecha_ingreso": "2026-02-22",
    "nombre_muestra": "Loracalm 10 mg",
    "tipo_muestra": 1,
    "etapa": 2,
    "codigo_muestra_interno": "MTH-007",
    "codigo_muestra_producto": "CI-0007",
    "lote_muestra": "L007-2026",
    "observaciones_muestras": "Ninguna",
    "condicion": "Activo"
  }
},
{
  "model": "Protocolo_Metodos.muestras_y_placebos",
  "pk": 33,
  "fields": {
    "fecha_ingreso": "2026-02-22",
    "nombre_muestra": "Loracalm 10 mg",
    "tipo_muestra": 1,
    "etapa": 3,
    "codigo_muestra_interno": "MTH-007",
    "codigo_muestra_producto": "CI-0007",
    "lote_muestra": "L007-2026",
    "observaciones_muestras": "Ninguna",
    "condicion": "Activo"
  }
},
{
  "model": "Protocolo_Metodos.muestras_y_placebos",
  "pk": 34,
  "fields": {
    "fecha_ingreso": "2026-02-22",
    "nombre_muestra": "Loracalm 10 mg",
    "tipo_muestra": 1,
    "etapa": 4,
    "codigo_muestra_interno": "MTH-007",
    "codigo_muestra_producto": "CI-0007",
    "lote_muestra": "L007-2026",
    "observaciones_muestras": "Ninguna",
    "condicion": "Activo"
  }
},
{
  "model": "Protocolo_Metodos.muestras_y_placebos",
  "pk": 35,
  "fields": {
    "fecha_ingreso": "2026-02-22",
    "nombre_muestra": "Loracalm 10 mg",
    "tipo_muestra": 1,
    "etapa": 5,
    "codigo_muestra_interno": "MTH-007",
    "codigo_muestra_producto": "CI-0007",
    "lote_muestra": "L007-2026",
    "observaciones_muestras": "Ninguna",
    "condicion": "Activo"
  }
},
{
  "model": "Protocolo_Metodos.muestras_y_placebos",
  "pk": 36,
  "fields": {
    "fecha_ingreso": "2026-02-22",
    "nombre_muestra": "Loracalm 10 mg",
    "tipo_muestra": 1,
    "etapa": 6,
    "codigo_muestra_interno": "MTH-007",
    "codigo_muestra_producto": "CI-0007",
    "lote_muestra": "L007-2026",
    "observaciones_muestras": "Ninguna",
    "condicion": "Activo"
  }
},
{
  "model": "Protocolo_Metodos.muestras_y_placebos",
  "pk": 37,
  "fields": {
    "fecha_ingreso": "2026-02-22",
    "nombre_muestra": "Loracalm 10 mg",
    "tipo_muestra": 1,
    "etapa": 7,
    "codigo_muestra_interno": "MTH-007",
    "codigo_muestra_producto": "CI-0007",
    "lote_muestra": "L007-2026",
    "observaciones_muestras": "Ninguna",
    "condicion": "Activo"
  }
},
{
  "model": "Protocolo_Metodos.muestras_y_placebos",
  "pk": 38,
  "fields": {
    "fecha_ingreso": "2026-02-22",
    "nombre_muestra": "Loracalm 10 mg",
    "tipo_muestra": 1,
    "etapa": 8,
    "codigo_muestra_interno": "MTH-007",
    "codigo_muestra_producto": "CI-0007",
    "lote_muestra": "L007-2026",
    "observaciones_muestras": "Ninguna",
    "condicion": "Activo"
  }
},
{
  "model": "Protocolo_Metodos.muestras_y_placebos",
  "pk": 39,
  "fields": {
    "fecha_ingreso": "2026-02-22",
    "nombre_muestra": "Loracalm 10 mg",
    "tipo_muestra": 1,
    "etapa": 9,
    "codigo_muestra_interno": "MTH-007",
    "codigo_muestra_producto": "CI-0007",
    "lote_muestra": "L007-2026",
    "observaciones_muestras": "Ninguna",
    "condicion": "Activo"
  }
},
{
  "model": "Protocolo_Metodos.cliente",
  "pk": 1,
  "fields": {
    "nombre_cliente": "Alfa Pharma S.A",
    "condicion": "Activo"
  }
},
{
  "model": "Protocolo_Metodos.cliente",
  "pk": 2,
  "fields": {
    "nombre_cliente": "Beta Labs Ltda",
    "condicion": "Activo"
  }
},
{
  "model": "Protocolo_Metodos.cliente",
  "pk": 3,
  "fields": {
    "nombre_cliente": "Gamma Health Inc",
    "condicion": "Activo"
  }
},
{
  "model": "Protocolo_Metodos.cliente",
  "pk": 4,
  "fields": {
    "nombre_cliente": "Delta Biotech",
    "condicion": "Activo"
  }
},
{
  "model": "Protocolo_Metodos.celda",
  "pk": 1,
  "fields": {
    "nombre_celda": "Celda No 1",
    "condicion": "Activo",
    "responsable": [
      "hassan"
    ]
  }
},
{
  "model": "Protocolo_Metodos.protocolos",
  "pk": 1,
  "fields": {
    "fecha_ingreso": "2026-02-21",
    "codigo": "Protocolo 0001",
    "nombre": "Protocolo de método para la validación por HPLC de Lemovitc 500 mg CB",
    "ensayo": 1,
    "metodo": 1,
    "celda": 1,
    "metodologia": 1,
    "cliente": 1,
    "estado_protocolo": 4,
    "condicion": "Activo",
    "observaciones": "Ninguna",
    "fecha_final": "2026-02-23",
    "fecha_de_entrega": null,
    "entregado_a": null,
    "muestras_y_Placebos": [
      1
    ],
    "parametro": [
      1,
      2,
      3,
      4,
      5,
      6,
      7,
      8,
      9
    ],
    "Insumos_del_Proceso": [
      1,
      2,
      3,
      4,
      5,
      6,
      7
    ]
  }
},
{
  "model": "Protocolo_Metodos.protocolos",
  "pk": 2,
  "fields": {
    "fecha_ingreso": "2026-02-22",
    "codigo": "Protocolo  0002",
    "nombre": "Protocolo de método para la validación por HPLC de Parazyn 250 mg CB",
    "ensayo": 1,
    "metodo": 2,
    "celda": 1,
    "metodologia": 2,
    "cliente": 2,
    "estado_protocolo": 1,
    "condicion": "Activo",
    "observaciones": "Ninguna",
    "fecha_final": "2026-02-21",
    "fecha_de_entrega": null,
    "entregado_a": null,
    "muestras_y_Placebos": [
      2
    ],
    "parametro": [
      1,
      2,
      3,
      4,
      5,
      6,
      7,
      8,
      9
    ],
    "Insumos_del_Proceso": [
      1,
      2,
      3,
      4,
      5,
      6,
      7
    ]
  }
},
{
  "model": "Protocolo_Metodos.protocolos",
  "pk": 3,
  "fields": {
    "fecha_ingreso": "2026-02-21",
    "codigo": "Protocolo 0003",
    "nombre": "Protocolo de método para la validación por HPLC de Ibucare 400 mg CB",
    "ensayo": 1,
    "metodo": 3,
    "celda": 1,
    "metodologia": 2,
    "cliente": 2,
    "estado_protocolo": 1,
    "condicion": "Activo",
    "observaciones": "Ninguna",
    "fecha_final": "2026-02-22",
    "fecha_de_entrega": null,
    "entregado_a": null,
    "muestras_y_Placebos": [
      3
    ],
    "parametro": [
      5,
      6,
      7,
      8,
      9,
      10,
      11,
      12,
      13,
      14,
      15,
      16,
      17
    ],
    "Insumos_del_Proceso": [
      1,
      2,
      3,
      4,
      5,
      6,
      7
    ]
  }
},
{
  "model": "Protocolo_Metodos.protocolos",
  "pk": 4,
  "fields": {
    "fecha_ingreso": "2026-02-17",
    "codigo": "Protocolo  0004",
    "nombre": "Protocolo de método para la validación por HPLC de Diclofenex 50 mg CB",
    "ensayo": 1,
    "metodo": 7,
    "celda": 1,
    "metodologia": 1,
    "cliente": 1,
    "estado_protocolo": 2,
    "condicion": "Activo",
    "observaciones": "Ninguna",
    "fecha_final": "2026-02-18",
    "fecha_de_entrega": null,
    "entregado_a": null,
    "muestras_y_Placebos": [
      1
    ],
    "parametro": [
      1,
      2,
      3,
      4,
      5
    ],
    "Insumos_del_Proceso": [
      1,
      2,
      3,
      4,
      5,
      6,
      7
    ]
  }
},
{
  "model": "Protocolo_Metodos.protocolos",
  "pk": 5,
  "fields": {
    "fecha_ingreso": "2026-02-19",
    "codigo": "Protocolo 0005",
    "nombre": "Protocolo de método para la validación por HPLC de Simvax 20 mg CB",
    "ensayo": 3,
    "metodo": 5,
    "celda": 1,
    "metodologia": 3,
    "cliente": 4,
    "estado_protocolo": 1,
    "condicion": "Activo",
    "observaciones": "Ninguna",
    "fecha_final": "2026-02-19",
    "fecha_de_entrega": null,
    "entregado_a": null,
    "muestras_y_Placebos": [
      1
    ],
    "parametro": [
      1,
      2,
      3,
      4,
      5,
      6,
      7,
      8,
      9
    ],
    "Insumos_del_Proceso": [
      1,
      2,
      3,
      4,
      5,
      6,
      7
    ]
  }
},
{
  "model": "Protocolo_Metodos.protocolos",
  "pk": 6,
  "fields": {
    "fecha_ingreso": "2026-02-14",
    "codigo": "Protocolo  0006",
    "nombre": "Protocolo de método para la validación por HPLC de Chloraflux 10 mg CB",
    "ensayo": 2,
    "metodo": 8,
    "celda": 1,
    "metodologia": 4,
    "cliente": 2,
    "estado_protocolo": 1,
    "condicion": "Activo",
    "observaciones": "Ninguna",
    "fecha_final": "2026-02-17",
    "fecha_de_entrega": null,
    "entregado_a": null,
    "muestras_y_Placebos": [
      3
    ],
    "parametro": [
      9,
      10,
      11,
      12,
      13,
      14,
      15,
      16,
      17
    ],
    "Insumos_del_Proceso": [
      1,
      2,
      3,
      4,
      5,
      6,
      7
    ]
  }
},
{
  "model": "Protocolo_Metodos.protocolos",
  "pk": 7,
  "fields": {
    "fecha_ingreso": "2026-02-12",
    "codigo": "Protocolo 0007",
    "nombre": "Protocolo de método para la validación por HPLC de Cardiovex 100 mg CB",
    "ensayo": 1,
    "metodo": 6,
    "celda": 1,
    "metodologia": 2,
    "cliente": 2,
    "estado_protocolo": 6,
    "condicion": "Activo",
    "observaciones": "Ninguna",
    "fecha_final": "2026-02-23",
    "fecha_de_entrega": "2026-02-23",
    "entregado_a": "Ariana Gómez",
    "muestras_y_Placebos": [
      1
    ],
    "parametro": [
      1,
      2,
      3,
      4
    ],
    "Insumos_del_Proceso": [
      1,
      2,
      3,
      4,
      5,
      6,
      7
    ]
  }
},
{
  "model": "Protocolo_Metodos.protocolos",
  "pk": 8,
  "fields": {
    "fecha_ingreso": "2026-02-20",
    "codigo": "Protocolo 0008",
    "nombre": "Protocolo de método para la validación por HPLC de Ventolin 90 mcg CB",
    "ensayo": 1,
    "metodo": 7,
    "celda": 1,
    "metodologia": 2,
    "cliente": 1,
    "estado_protocolo": 1,
    "condicion": "Activo",
    "observaciones": "Ninguna",
    "fecha_final": "2026-02-21",
    "fecha_de_entrega": null,
    "entregado_a": null,
    "muestras_y_Placebos": [
      3
    ],
    "parametro": [
      1,
      2,
      3,
      4,
      5
    ],
    "Insumos_del_Proceso": [
      1,
      2,
      3,
      4,
      5,
      6,
      7
    ]
  }
},
{
  "model": "Protocolo_Metodos.protocolos",
  "pk": 9,
  "fields": {
    "fecha_ingreso": "2026-02-20",
    "codigo": "Protocolo 0009",
    "nombre": "Protocolo de método para la validación por HPLC de Zyloric 300 mg CB",
    "ensayo": 1,
    "metodo": 4,
    "celda": 1,
    "metodologia": 4,
    "cliente": 1,
    "estado_protocolo": 6,
    "condicion": "Activo",
    "observaciones": "Ninguna",
    "fecha_final": "2026-02-23",
    "fecha_de_entrega": "2026-02-23",
    "entregado_a": "Marcela López",
    "muestras_y_Placebos": [
      2
    ],
    "parametro": [
      1,
      2,
      3,
      4,
      5
    ],
    "Insumos_del_Proceso": [
      1,
      2,
      3,
      4,
      5,
      6,
      7
    ]
  }
},
{
  "model": "Protocolo_Metodos.protocolos",
  "pk": 10,
  "fields": {
    "fecha_ingreso": "2026-02-19",
    "codigo": "Protocolo 0010",
    "nombre": "Protocolo de método para la validación por HPLC de Losartan 50 mg CB",
    "ensayo": 4,
    "metodo": 6,
    "celda": 1,
    "metodologia": 2,
    "cliente": 2,
    "estado_protocolo": 6,
    "condicion": "Activo",
    "observaciones": "Ninguna",
    "fecha_final": "2026-01-10",
    "fecha_de_entrega": "2026-01-14",
    "entregado_a": "Camila Torrez",
    "muestras_y_Placebos": [
      1
    ],
    "parametro": [
      4,
      5,
      6,
      7,
      8,
      9
    ],
    "Insumos_del_Proceso": [
      1,
      2,
      3,
      4,
      5,
      6,
      7
    ]
  }
},
{
  "model": "Protocolo_Muestras.viabilidadproceso",
  "pk": 1,
  "fields": {
    "nombre_viabilidad": "Soluciones patrón preparadas correctamente y con concentración conocida",
    "condicion": "Activo"
  }
},
{
  "model": "Protocolo_Muestras.viabilidadproceso",
  "pk": 2,
  "fields": {
    "nombre_viabilidad": "Muestras representativas listas y almacenadas adecuadamente",
    "condicion": "Activo"
  }
},
{
  "model": "Protocolo_Muestras.viabilidadproceso",
  "pk": 3,
  "fields": {
    "nombre_viabilidad": "Diluciones calculadas y registradas",
    "condicion": "Activo"
  }
},
{
  "model": "Protocolo_Muestras.viabilidadproceso",
  "pk": 4,
  "fields": {
    "nombre_viabilidad": "Homogeneidad de la muestra verificada",
    "condicion": "Activo"
  }
},
{
  "model": "Protocolo_Muestras.viabilidadproceso",
  "pk": 5,
  "fields": {
    "nombre_viabilidad": "Reactivos químicos disponibles y dentro de la fecha de caducidad",
    "condicion": "Activo"
  }
},
{
  "model": "Protocolo_Muestras.proceso",
  "pk": 1,
  "fields": {
    "fecha_ingreso": "2026-02-21",
    "codigo": "0001",
    "nombre": "Protocolo de método para la validación por HPLC de Amoxifen 500 mg CB",
    "celda": 1,
    "metodologia": 2,
    "cliente": 3,
    "metodo": 4,
    "estado_del_proceso": 1,
    "condicion": "Activo",
    "observaciones": "Ninguna",
    "fecha_final": "2026-02-06",
    "fecha_de_entrega": null,
    "entregado_a": null,
    "ensayos": [
      1,
      2,
      3
    ],
    "muestras": [
      4,
      5,
      6,
      7,
      8,
      9,
      10,
      11,
      12
    ],
    "Insumos_del_Proceso": [
      1,
      2,
      3,
      4,
      5
    ]
  }
},
{
  "model": "Protocolo_Muestras.proceso",
  "pk": 2,
  "fields": {
    "fecha_ingreso": "2026-02-21",
    "codigo": "0002",
    "nombre": "Protocolo de método para la validación por HPLC de Metforinex 850 mg CB",
    "celda": 1,
    "metodologia": 2,
    "cliente": 3,
    "metodo": 5,
    "estado_del_proceso": 6,
    "condicion": "Activo",
    "observaciones": "Ninguna",
    "fecha_final": "2026-02-23",
    "fecha_de_entrega": "2026-02-23",
    "entregado_a": "Camila Torrez",
    "ensayos": [
      1,
      2,
      3
    ],
    "muestras": [
      22,
      23,
      24,
      25,
      26,
      27,
      28,
      29,
      30
    ],
    "Insumos_del_Proceso": [
      1,
      2,
      3,
      4
    ]
  }
},
{
  "model": "Protocolo_Muestras.proceso",
  "pk": 3,
  "fields": {
    "fecha_ingreso": "2026-02-22",
    "codigo": "0003",
    "nombre": "Protocolo de método para la validación por HPLC de Omezol 20 mg CB",
    "celda": 1,
    "metodologia": 1,
    "cliente": 4,
    "metodo": 7,
    "estado_del_proceso": 5,
    "condicion": "Activo",
    "observaciones": "Ninguna",
    "fecha_final": "2026-02-22",
    "fecha_de_entrega": null,
    "entregado_a": null,
    "ensayos": [
      1,
      2,
      3
    ],
    "muestras": [
      31,
      32,
      33,
      34,
      35,
      36,
      37,
      38,
      39
    ],
    "Insumos_del_Proceso": [
      1,
      2,
      3,
      4,
      5
    ]
  }
},
{
  "model": "Protocolo_Muestras.proceso",
  "pk": 4,
  "fields": {
    "fecha_ingreso": "2026-01-02",
    "codigo": "004",
    "nombre": "Protocolo de método para la validación por HPLC de Omezol 40 mg CB",
    "celda": 1,
    "metodologia": 2,
    "cliente": 2,
    "metodo": 5,
    "estado_del_proceso": 6,
    "condicion": "Activo",
    "observaciones": "Ninguna",
    "fecha_final": "2026-01-17",
    "fecha_de_entrega": "2026-01-20",
    "entregado_a": "Marcela Gutierrez",
    "ensayos": [
      1,
      2,
      3
    ],
    "muestras": [
      22,
      23,
      24,
      25,
      27,
      30
    ],
    "Insumos_del_Proceso": [
      1,
      2,
      3,
      4,
      5
    ]
  }
},
{
  "model": "Secuencias.sistema",
  "pk": 1,
  "fields": {
    "nombre": "HPLC No 1",
    "condicion": "Activo"
  }
},
{
  "model": "Secuencias.sistema",
  "pk": 2,
  "fields": {
    "nombre": "HPLC No 2",
    "condicion": "Activo"
  }
},
{
  "model": "Secuencias.sistema",
  "pk": 3,
  "fields": {
    "nombre": "HPLC No 3",
    "condicion": "Activo"
  }
},
{
  "model": "Secuencias.sistema",
  "pk": 4,
  "fields": {
    "nombre": "HPLC No 4",
    "condicion": "Activo"
  }
},
{
  "model": "Secuencias.sistema",
  "pk": 5,
  "fields": {
    "nombre": "HPLC No 5",
    "condicion": "Activo"
  }
},
{
  "model": "Secuencias.secuencias",
  "pk": 1,
  "fields": {
    "nombre": "seq260101",
    "fecha_Inicio": "2026-02-22T21:38:00Z",
    "fecha_Final": null,
    "protocolo": 1,
    "protocolo_proceso": null,
    "sistema": 1,
    "status": "Impresa",
    "invalidar_Secuencia": null,
    "condicion": "Activo",
    "observaciones": "Ninguna",
    "parametro_sq": 1,
    "metodo": null,
    "muestras": null,
    "fecha_invalidar": null,
    "fecha_configuracion_protocolo_metodo": "0001-01-01T04:56:16Z",
    "fecha_configuracion_protocolo_proceso": "2026-02-23T21:37:55Z",
    "fecha_registro": "2026-02-23T21:39:41.178Z",
    "fecha_validar": "2026-02-23T21:45:34.196Z",
    "fecha_impresion": "2026-02-23T21:45:56.907Z",
    "fecha_reporte": null,
    "fecha_auditada": null,
    "invalidar": null,
    "registrada_por": "Analista",
    "validar": "Analista",
    "imprimir": "Analista",
    "reportar": null,
    "auditar": null
  }
},
{
  "model": "Secuencias.secuencias",
  "pk": 2,
  "fields": {
    "nombre": "seq260101",
    "fecha_Inicio": "2026-02-22T21:38:00Z",
    "fecha_Final": null,
    "protocolo": 1,
    "protocolo_proceso": null,
    "sistema": 1,
    "status": "Revisada",
    "invalidar_Secuencia": null,
    "condicion": "Activo",
    "observaciones": "Ninguna",
    "parametro_sq": 2,
    "metodo": null,
    "muestras": null,
    "fecha_invalidar": null,
    "fecha_configuracion_protocolo_metodo": "0001-01-01T04:56:16Z",
    "fecha_configuracion_protocolo_proceso": "2026-02-23T21:37:55Z",
    "fecha_registro": "2026-02-23T21:39:41.178Z",
    "fecha_validar": "2026-02-24T02:41:24.607Z",
    "fecha_impresion": null,
    "fecha_reporte": null,
    "fecha_auditada": null,
    "invalidar": null,
    "registrada_por": "Analista",
    "validar": "Analista",
    "imprimir": null,
    "reportar": null,
    "auditar": null
  }
},
{
  "model": "Secuencias.secuencias",
  "pk": 3,
  "fields": {
    "nombre": "seq260101",
    "fecha_Inicio": "2026-02-22T21:38:00Z",
    "fecha_Final": null,
    "protocolo": 1,
    "protocolo_proceso": null,
    "sistema": 1,
    "status": "Revisada",
    "invalidar_Secuencia": null,
    "condicion": "Activo",
    "observaciones": "Ninguna",
    "parametro_sq": 3,
    "metodo": null,
    "muestras": null,
    "fecha_invalidar": null,
    "fecha_configuracion_protocolo_metodo": "0001-01-01T04:56:16Z",
    "fecha_configuracion_protocolo_proceso": "2026-02-23T21:37:55Z",
    "fecha_registro": "2026-02-23T21:39:41.178Z",
    "fecha_validar": "2026-02-23T21:45:34.196Z",
    "fecha_impresion": null,
    "fecha_reporte": null,
    "fecha_auditada": null,
    "invalidar": null,
    "registrada_por": "Analista",
    "validar": "Analista",
    "imprimir": null,
    "reportar": null,
    "auditar": null
  }
},
{
  "model": "Secuencias.secuencias",
  "pk": 4,
  "fields": {
    "nombre": "seq260101",
    "fecha_Inicio": "2026-02-22T21:38:00Z",
    "fecha_Final": null,
    "protocolo": 1,
    "protocolo_proceso": null,
    "sistema": 1,
    "status": "Reportada",
    "invalidar_Secuencia": null,
    "condicion": "Activo",
    "observaciones": "Ninguna",
    "parametro_sq": 4,
    "metodo": null,
    "muestras": null,
    "fecha_invalidar": null,
    "fecha_configuracion_protocolo_metodo": "0001-01-01T04:56:16Z",
    "fecha_configuracion_protocolo_proceso": "2026-02-23T21:37:55Z",
    "fecha_registro": "2026-02-23T21:39:41.178Z",
    "fecha_validar": "2026-02-23T21:45:34.196Z",
    "fecha_impresion": "2026-02-23T21:45:57.746Z",
    "fecha_reporte": "2026-02-23T21:46:12.210Z",
    "fecha_auditada": null,
    "invalidar": null,
    "registrada_por": "Analista",
    "validar": "Analista",
    "imprimir": "Analista",
    "reportar": "Analista",
    "auditar": null
  }
},
{
  "model": "Secuencias.secuencias",
  "pk": 5,
  "fields": {
    "nombre": "seq260102",
    "fecha_Inicio": "2026-02-22T21:41:00Z",
    "fecha_Final": null,
    "protocolo": 1,
    "protocolo_proceso": null,
    "sistema": 1,
    "status": "Registrada",
    "invalidar_Secuencia": null,
    "condicion": "Activo",
    "observaciones": "Ninguna",
    "parametro_sq": 5,
    "metodo": null,
    "muestras": null,
    "fecha_invalidar": null,
    "fecha_configuracion_protocolo_metodo": "0001-01-01T04:56:16Z",
    "fecha_configuracion_protocolo_proceso": "2026-02-23T21:37:55Z",
    "fecha_registro": "2026-02-23T21:42:11.105Z",
    "fecha_validar": null,
    "fecha_impresion": null,
    "fecha_reporte": null,
    "fecha_auditada": null,
    "invalidar": null,
    "registrada_por": "Analista",
    "validar": null,
    "imprimir": null,
    "reportar": null,
    "auditar": null
  }
},
{
  "model": "Secuencias.secuencias",
  "pk": 6,
  "fields": {
    "nombre": "seq260603",
    "fecha_Inicio": "2026-02-21T21:43:00Z",
    "fecha_Final": null,
    "protocolo": 1,
    "protocolo_proceso": null,
    "sistema": 3,
    "status": "Auditada",
    "invalidar_Secuencia": null,
    "condicion": "Activo",
    "observaciones": "Ninguna",
    "parametro_sq": 6,
    "metodo": null,
    "muestras": null,
    "fecha_invalidar": null,
    "fecha_configuracion_protocolo_metodo": "0001-01-01T04:56:16Z",
    "fecha_configuracion_protocolo_proceso": "2026-02-23T21:37:55Z",
    "fecha_registro": "2026-02-23T21:44:20.332Z",
    "fecha_validar": "2026-02-23T21:45:34.196Z",
    "fecha_impresion": "2026-02-23T21:45:58.374Z",
    "fecha_reporte": "2026-02-23T21:46:12.816Z",
    "fecha_auditada": "2026-02-23T21:47:19.488Z",
    "invalidar": null,
    "registrada_por": "Analista",
    "validar": "Analista",
    "imprimir": "Analista",
    "reportar": "Analista",
    "auditar": "Auditor"
  }
},
{
  "model": "Secuencias.secuencias",
  "pk": 7,
  "fields": {
    "nombre": "seq260603",
    "fecha_Inicio": "2026-02-21T21:43:00Z",
    "fecha_Final": null,
    "protocolo": 1,
    "protocolo_proceso": null,
    "sistema": 3,
    "status": "Impresa",
    "invalidar_Secuencia": null,
    "condicion": "Activo",
    "observaciones": "Ninguna",
    "parametro_sq": 7,
    "metodo": null,
    "muestras": null,
    "fecha_invalidar": null,
    "fecha_configuracion_protocolo_metodo": "0001-01-01T04:56:16Z",
    "fecha_configuracion_protocolo_proceso": "2026-02-23T21:37:55Z",
    "fecha_registro": "2026-02-23T21:44:20.332Z",
    "fecha_validar": "2026-02-23T21:45:34.196Z",
    "fecha_impresion": "2026-02-23T21:45:59.057Z",
    "fecha_reporte": null,
    "fecha_auditada": null,
    "invalidar": null,
    "registrada_por": "Analista",
    "validar": "Analista",
    "imprimir": "Analista",
    "reportar": null,
    "auditar": null
  }
},
{
  "model": "Secuencias.secuencias",
  "pk": 8,
  "fields": {
    "nombre": "seq260603",
    "fecha_Inicio": "2026-02-21T21:43:00Z",
    "fecha_Final": null,
    "protocolo": 1,
    "protocolo_proceso": null,
    "sistema": 3,
    "status": "Auditada",
    "invalidar_Secuencia": null,
    "condicion": "Activo",
    "observaciones": "Ninguna",
    "parametro_sq": 8,
    "metodo": null,
    "muestras": null,
    "fecha_invalidar": null,
    "fecha_configuracion_protocolo_metodo": "0001-01-01T04:56:16Z",
    "fecha_configuracion_protocolo_proceso": "2026-02-23T21:37:55Z",
    "fecha_registro": "2026-02-23T21:44:20.332Z",
    "fecha_validar": "2026-02-23T21:45:34.196Z",
    "fecha_impresion": "2026-02-23T21:45:59.822Z",
    "fecha_reporte": "2026-02-23T21:46:13.768Z",
    "fecha_auditada": "2026-02-23T21:47:20.541Z",
    "invalidar": null,
    "registrada_por": "Analista",
    "validar": "Analista",
    "imprimir": "Analista",
    "reportar": "Analista",
    "auditar": "Auditor"
  }
},
{
  "model": "Secuencias.secuencias",
  "pk": 9,
  "fields": {
    "nombre": "seq260603",
    "fecha_Inicio": "2026-02-21T21:43:00Z",
    "fecha_Final": null,
    "protocolo": 1,
    "protocolo_proceso": null,
    "sistema": 3,
    "status": "Revisada",
    "invalidar_Secuencia": null,
    "condicion": "Activo",
    "observaciones": "Ninguna",
    "parametro_sq": 9,
    "metodo": null,
    "muestras": null,
    "fecha_invalidar": null,
    "fecha_configuracion_protocolo_metodo": "0001-01-01T04:56:16Z",
    "fecha_configuracion_protocolo_proceso": "2026-02-23T21:37:55Z",
    "fecha_registro": "2026-02-23T21:44:20.332Z",
    "fecha_validar": "2026-02-23T21:45:34.196Z",
    "fecha_impresion": null,
    "fecha_reporte": null,
    "fecha_auditada": null,
    "invalidar": null,
    "registrada_por": "Analista",
    "validar": "Analista",
    "imprimir": null,
    "reportar": null,
    "auditar": null
  }
},
{
  "model": "Secuencias.secuencias",
  "pk": 10,
  "fields": {
    "nombre": "seq260103",
    "fecha_Inicio": "2026-02-22T22:31:00Z",
    "fecha_Final": null,
    "protocolo": 4,
    "protocolo_proceso": null,
    "sistema": 2,
    "status": "Revisada",
    "invalidar_Secuencia": null,
    "condicion": "Activo",
    "observaciones": "Ninguna",
    "parametro_sq": 1,
    "metodo": null,
    "muestras": null,
    "fecha_invalidar": null,
    "fecha_configuracion_protocolo_metodo": "0001-01-01T04:56:16Z",
    "fecha_configuracion_protocolo_proceso": "2026-02-23T22:30:31Z",
    "fecha_registro": "2026-02-23T22:31:44.575Z",
    "fecha_validar": "2026-02-24T02:19:31.169Z",
    "fecha_impresion": null,
    "fecha_reporte": null,
    "fecha_auditada": null,
    "invalidar": null,
    "registrada_por": "Analista",
    "validar": "Analista",
    "imprimir": null,
    "reportar": null,
    "auditar": null
  }
},
{
  "model": "Secuencias.secuencias",
  "pk": 11,
  "fields": {
    "nombre": "seq260103",
    "fecha_Inicio": "2026-02-22T22:31:00Z",
    "fecha_Final": null,
    "protocolo": 4,
    "protocolo_proceso": null,
    "sistema": 2,
    "status": "Impresa",
    "invalidar_Secuencia": null,
    "condicion": "Activo",
    "observaciones": "Ninguna",
    "parametro_sq": 2,
    "metodo": null,
    "muestras": null,
    "fecha_invalidar": null,
    "fecha_configuracion_protocolo_metodo": "0001-01-01T04:56:16Z",
    "fecha_configuracion_protocolo_proceso": "2026-02-23T22:30:31Z",
    "fecha_registro": "2026-02-23T22:31:44.575Z",
    "fecha_validar": "2026-02-23T22:32:00.248Z",
    "fecha_impresion": "2026-02-23T22:32:32.107Z",
    "fecha_reporte": null,
    "fecha_auditada": null,
    "invalidar": null,
    "registrada_por": "Analista",
    "validar": "Analista",
    "imprimir": "Analista",
    "reportar": null,
    "auditar": null
  }
},
{
  "model": "Secuencias.secuencias",
  "pk": 12,
  "fields": {
    "nombre": "seq260103",
    "fecha_Inicio": "2026-02-22T22:31:00Z",
    "fecha_Final": null,
    "protocolo": 4,
    "protocolo_proceso": null,
    "sistema": 2,
    "status": "Impresa",
    "invalidar_Secuencia": null,
    "condicion": "Activo",
    "observaciones": "Ninguna",
    "parametro_sq": 3,
    "metodo": null,
    "muestras": null,
    "fecha_invalidar": null,
    "fecha_configuracion_protocolo_metodo": "0001-01-01T04:56:16Z",
    "fecha_configuracion_protocolo_proceso": "2026-02-23T22:30:31Z",
    "fecha_registro": "2026-02-23T22:31:44.575Z",
    "fecha_validar": "2026-02-23T22:32:00.248Z",
    "fecha_impresion": "2026-02-23T22:32:33.125Z",
    "fecha_reporte": null,
    "fecha_auditada": null,
    "invalidar": null,
    "registrada_por": "Analista",
    "validar": "Analista",
    "imprimir": "Analista",
    "reportar": null,
    "auditar": null
  }
},
{
  "model": "Secuencias.secuencias",
  "pk": 13,
  "fields": {
    "nombre": "seq260103",
    "fecha_Inicio": "2026-02-22T22:31:00Z",
    "fecha_Final": null,
    "protocolo": 4,
    "protocolo_proceso": null,
    "sistema": 2,
    "status": "Reportada",
    "invalidar_Secuencia": null,
    "condicion": "Activo",
    "observaciones": "Ninguna",
    "parametro_sq": 4,
    "metodo": null,
    "muestras": null,
    "fecha_invalidar": null,
    "fecha_configuracion_protocolo_metodo": "0001-01-01T04:56:16Z",
    "fecha_configuracion_protocolo_proceso": "2026-02-23T22:30:31Z",
    "fecha_registro": "2026-02-23T22:31:44.575Z",
    "fecha_validar": "2026-02-23T22:32:00.248Z",
    "fecha_impresion": "2026-02-23T22:32:34.379Z",
    "fecha_reporte": "2026-02-23T22:32:38.636Z",
    "fecha_auditada": null,
    "invalidar": null,
    "registrada_por": "Analista",
    "validar": "Analista",
    "imprimir": "Analista",
    "reportar": "Analista",
    "auditar": null
  }
},
{
  "model": "Secuencias.secuencias",
  "pk": 14,
  "fields": {
    "nombre": "seq260103",
    "fecha_Inicio": "2026-02-22T22:31:00Z",
    "fecha_Final": null,
    "protocolo": 4,
    "protocolo_proceso": null,
    "sistema": 2,
    "status": "Revisada",
    "invalidar_Secuencia": null,
    "condicion": "Activo",
    "observaciones": "Ninguna",
    "parametro_sq": 5,
    "metodo": null,
    "muestras": null,
    "fecha_invalidar": null,
    "fecha_configuracion_protocolo_metodo": "0001-01-01T04:56:16Z",
    "fecha_configuracion_protocolo_proceso": "2026-02-23T22:30:31Z",
    "fecha_registro": "2026-02-23T22:31:44.575Z",
    "fecha_validar": "2026-02-23T22:32:00.248Z",
    "fecha_impresion": null,
    "fecha_reporte": null,
    "fecha_auditada": null,
    "invalidar": null,
    "registrada_por": "Analista",
    "validar": "Analista",
    "imprimir": null,
    "reportar": null,
    "auditar": null
  }
},
{
  "model": "Secuencias.secuencias",
  "pk": 15,
  "fields": {
    "nombre": "seq260104",
    "fecha_Inicio": "2026-02-20T22:33:00Z",
    "fecha_Final": null,
    "protocolo": 5,
    "protocolo_proceso": null,
    "sistema": 2,
    "status": "Impresa",
    "invalidar_Secuencia": null,
    "condicion": "Activo",
    "observaciones": "Ninguna",
    "parametro_sq": 1,
    "metodo": null,
    "muestras": null,
    "fecha_invalidar": null,
    "fecha_configuracion_protocolo_metodo": "0001-01-01T04:56:16Z",
    "fecha_configuracion_protocolo_proceso": "2026-02-23T22:33:29Z",
    "fecha_registro": "2026-02-23T22:34:35.385Z",
    "fecha_validar": "2026-02-23T22:34:54.731Z",
    "fecha_impresion": "2026-02-23T22:35:11.234Z",
    "fecha_reporte": null,
    "fecha_auditada": null,
    "invalidar": null,
    "registrada_por": "Analista",
    "validar": "Analista",
    "imprimir": "Analista",
    "reportar": null,
    "auditar": null
  }
},
{
  "model": "Secuencias.secuencias",
  "pk": 16,
  "fields": {
    "nombre": "seq260104",
    "fecha_Inicio": "2026-02-20T22:33:00Z",
    "fecha_Final": null,
    "protocolo": 5,
    "protocolo_proceso": null,
    "sistema": 2,
    "status": "Impresa",
    "invalidar_Secuencia": null,
    "condicion": "Activo",
    "observaciones": "Ninguna",
    "parametro_sq": 2,
    "metodo": null,
    "muestras": null,
    "fecha_invalidar": null,
    "fecha_configuracion_protocolo_metodo": "0001-01-01T04:56:16Z",
    "fecha_configuracion_protocolo_proceso": "2026-02-23T22:33:29Z",
    "fecha_registro": "2026-02-23T22:34:35.385Z",
    "fecha_validar": "2026-02-23T22:34:54.731Z",
    "fecha_impresion": "2026-02-23T22:35:11.771Z",
    "fecha_reporte": null,
    "fecha_auditada": null,
    "invalidar": null,
    "registrada_por": "Analista",
    "validar": "Analista",
    "imprimir": "Analista",
    "reportar": null,
    "auditar": null
  }
},
{
  "model": "Secuencias.secuencias",
  "pk": 17,
  "fields": {
    "nombre": "seq260104",
    "fecha_Inicio": "2026-02-20T22:33:00Z",
    "fecha_Final": null,
    "protocolo": 5,
    "protocolo_proceso": null,
    "sistema": 2,
    "status": "Impresa",
    "invalidar_Secuencia": null,
    "condicion": "Activo",
    "observaciones": "Ninguna",
    "parametro_sq": 3,
    "metodo": null,
    "muestras": null,
    "fecha_invalidar": null,
    "fecha_configuracion_protocolo_metodo": "0001-01-01T04:56:16Z",
    "fecha_configuracion_protocolo_proceso": "2026-02-23T22:33:29Z",
    "fecha_registro": "2026-02-23T22:34:35.385Z",
    "fecha_validar": "2026-02-23T22:34:54.731Z",
    "fecha_impresion": "2026-02-23T22:35:12.314Z",
    "fecha_reporte": null,
    "fecha_auditada": null,
    "invalidar": null,
    "registrada_por": "Analista",
    "validar": "Analista",
    "imprimir": "Analista",
    "reportar": null,
    "auditar": null
  }
},
{
  "model": "Secuencias.secuencias",
  "pk": 18,
  "fields": {
    "nombre": "seq260104",
    "fecha_Inicio": "2026-02-20T22:33:00Z",
    "fecha_Final": null,
    "protocolo": 5,
    "protocolo_proceso": null,
    "sistema": 2,
    "status": "Impresa",
    "invalidar_Secuencia": null,
    "condicion": "Activo",
    "observaciones": "Ninguna",
    "parametro_sq": 4,
    "metodo": null,
    "muestras": null,
    "fecha_invalidar": null,
    "fecha_configuracion_protocolo_metodo": "0001-01-01T04:56:16Z",
    "fecha_configuracion_protocolo_proceso": "2026-02-23T22:33:29Z",
    "fecha_registro": "2026-02-23T22:34:35.385Z",
    "fecha_validar": "2026-02-23T22:34:54.731Z",
    "fecha_impresion": "2026-02-23T22:35:12.833Z",
    "fecha_reporte": null,
    "fecha_auditada": null,
    "invalidar": null,
    "registrada_por": "Analista",
    "validar": "Analista",
    "imprimir": "Analista",
    "reportar": null,
    "auditar": null
  }
},
{
  "model": "Secuencias.secuencias",
  "pk": 19,
  "fields": {
    "nombre": "seq260104",
    "fecha_Inicio": "2026-02-20T22:33:00Z",
    "fecha_Final": null,
    "protocolo": 5,
    "protocolo_proceso": null,
    "sistema": 2,
    "status": "Reportada",
    "invalidar_Secuencia": null,
    "condicion": "Activo",
    "observaciones": "Ninguna",
    "parametro_sq": 5,
    "metodo": null,
    "muestras": null,
    "fecha_invalidar": null,
    "fecha_configuracion_protocolo_metodo": "0001-01-01T04:56:16Z",
    "fecha_configuracion_protocolo_proceso": "2026-02-23T22:33:29Z",
    "fecha_registro": "2026-02-23T22:34:35.385Z",
    "fecha_validar": "2026-02-23T22:34:54.731Z",
    "fecha_impresion": "2026-02-23T22:35:13.449Z",
    "fecha_reporte": "2026-02-23T22:35:19.451Z",
    "fecha_auditada": null,
    "invalidar": null,
    "registrada_por": "Analista",
    "validar": "Analista",
    "imprimir": "Analista",
    "reportar": "Analista",
    "auditar": null
  }
},
{
  "model": "Secuencias.secuencias",
  "pk": 20,
  "fields": {
    "nombre": "seq260104",
    "fecha_Inicio": "2026-02-20T22:33:00Z",
    "fecha_Final": null,
    "protocolo": 5,
    "protocolo_proceso": null,
    "sistema": 2,
    "status": "Reportada",
    "invalidar_Secuencia": null,
    "condicion": "Activo",
    "observaciones": "Ninguna",
    "parametro_sq": 6,
    "metodo": null,
    "muestras": null,
    "fecha_invalidar": null,
    "fecha_configuracion_protocolo_metodo": "0001-01-01T04:56:16Z",
    "fecha_configuracion_protocolo_proceso": "2026-02-23T22:33:29Z",
    "fecha_registro": "2026-02-23T22:34:35.385Z",
    "fecha_validar": "2026-02-23T22:34:54.731Z",
    "fecha_impresion": "2026-02-23T22:35:14.307Z",
    "fecha_reporte": "2026-02-23T22:35:18.872Z",
    "fecha_auditada": null,
    "invalidar": null,
    "registrada_por": "Analista",
    "validar": "Analista",
    "imprimir": "Analista",
    "reportar": "Analista",
    "auditar": null
  }
},
{
  "model": "Secuencias.secuencias",
  "pk": 21,
  "fields": {
    "nombre": "seq260104",
    "fecha_Inicio": "2026-02-20T22:33:00Z",
    "fecha_Final": null,
    "protocolo": 5,
    "protocolo_proceso": null,
    "sistema": 2,
    "status": "Revisada",
    "invalidar_Secuencia": null,
    "condicion": "Activo",
    "observaciones": "Ninguna",
    "parametro_sq": 7,
    "metodo": null,
    "muestras": null,
    "fecha_invalidar": null,
    "fecha_configuracion_protocolo_metodo": "0001-01-01T04:56:16Z",
    "fecha_configuracion_protocolo_proceso": "2026-02-23T22:33:29Z",
    "fecha_registro": "2026-02-23T22:34:35.385Z",
    "fecha_validar": "2026-02-23T22:34:54.731Z",
    "fecha_impresion": null,
    "fecha_reporte": null,
    "fecha_auditada": null,
    "invalidar": null,
    "registrada_por": "Analista",
    "validar": "Analista",
    "imprimir": null,
    "reportar": null,
    "auditar": null
  }
},
{
  "model": "Secuencias.secuencias",
  "pk": 22,
  "fields": {
    "nombre": "seq260104",
    "fecha_Inicio": "2026-02-20T22:33:00Z",
    "fecha_Final": null,
    "protocolo": 5,
    "protocolo_proceso": null,
    "sistema": 2,
    "status": "Registrada",
    "invalidar_Secuencia": null,
    "condicion": "Activo",
    "observaciones": "Ninguna",
    "parametro_sq": 8,
    "metodo": null,
    "muestras": null,
    "fecha_invalidar": null,
    "fecha_configuracion_protocolo_metodo": "0001-01-01T04:56:16Z",
    "fecha_configuracion_protocolo_proceso": "2026-02-23T22:33:29Z",
    "fecha_registro": "2026-02-23T22:34:35.385Z",
    "fecha_validar": null,
    "fecha_impresion": null,
    "fecha_reporte": null,
    "fecha_auditada": null,
    "invalidar": null,
    "registrada_por": "Analista",
    "validar": null,
    "imprimir": null,
    "reportar": null,
    "auditar": null
  }
},
{
  "model": "Secuencias.secuencias",
  "pk": 23,
  "fields": {
    "nombre": "seq260104",
    "fecha_Inicio": "2026-02-20T22:33:00Z",
    "fecha_Final": null,
    "protocolo": 5,
    "protocolo_proceso": null,
    "sistema": 2,
    "status": "Registrada",
    "invalidar_Secuencia": null,
    "condicion": "Activo",
    "observaciones": "Ninguna",
    "parametro_sq": 9,
    "metodo": null,
    "muestras": null,
    "fecha_invalidar": null,
    "fecha_configuracion_protocolo_metodo": "0001-01-01T04:56:16Z",
    "fecha_configuracion_protocolo_proceso": "2026-02-23T22:33:29Z",
    "fecha_registro": "2026-02-23T22:34:35.385Z",
    "fecha_validar": null,
    "fecha_impresion": null,
    "fecha_reporte": null,
    "fecha_auditada": null,
    "invalidar": null,
    "registrada_por": "Analista",
    "validar": null,
    "imprimir": null,
    "reportar": null,
    "auditar": null
  }
},
{
  "model": "Secuencias.secuencias",
  "pk": 24,
  "fields": {
    "nombre": "seq260104",
    "fecha_Inicio": "2026-02-20T22:39:00Z",
    "fecha_Final": null,
    "protocolo": 6,
    "protocolo_proceso": null,
    "sistema": 3,
    "status": "Reportada",
    "invalidar_Secuencia": null,
    "condicion": "Activo",
    "observaciones": "Ninguna",
    "parametro_sq": 9,
    "metodo": null,
    "muestras": null,
    "fecha_invalidar": null,
    "fecha_configuracion_protocolo_metodo": "0001-01-01T04:56:16Z",
    "fecha_configuracion_protocolo_proceso": "2026-02-23T22:39:26Z",
    "fecha_registro": "2026-02-23T22:41:22.527Z",
    "fecha_validar": "2026-02-23T22:43:07.765Z",
    "fecha_impresion": "2026-02-23T22:43:20.031Z",
    "fecha_reporte": "2026-02-23T22:43:25.372Z",
    "fecha_auditada": null,
    "invalidar": null,
    "registrada_por": "Analista",
    "validar": "Analista",
    "imprimir": "Analista",
    "reportar": "Analista",
    "auditar": null
  }
},
{
  "model": "Secuencias.secuencias",
  "pk": 25,
  "fields": {
    "nombre": "seq260104",
    "fecha_Inicio": "2026-02-20T22:39:00Z",
    "fecha_Final": null,
    "protocolo": 6,
    "protocolo_proceso": null,
    "sistema": 3,
    "status": "Reportada",
    "invalidar_Secuencia": null,
    "condicion": "Activo",
    "observaciones": "Ninguna",
    "parametro_sq": 11,
    "metodo": null,
    "muestras": null,
    "fecha_invalidar": null,
    "fecha_configuracion_protocolo_metodo": "0001-01-01T04:56:16Z",
    "fecha_configuracion_protocolo_proceso": "2026-02-23T22:39:26Z",
    "fecha_registro": "2026-02-23T22:41:22.527Z",
    "fecha_validar": "2026-02-23T22:43:07.765Z",
    "fecha_impresion": "2026-02-23T22:43:20.611Z",
    "fecha_reporte": "2026-02-23T22:43:25.889Z",
    "fecha_auditada": null,
    "invalidar": null,
    "registrada_por": "Analista",
    "validar": "Analista",
    "imprimir": "Analista",
    "reportar": "Analista",
    "auditar": null
  }
},
{
  "model": "Secuencias.secuencias",
  "pk": 26,
  "fields": {
    "nombre": "seq260104",
    "fecha_Inicio": "2026-02-20T22:39:00Z",
    "fecha_Final": null,
    "protocolo": 6,
    "protocolo_proceso": null,
    "sistema": 3,
    "status": "Reportada",
    "invalidar_Secuencia": null,
    "condicion": "Activo",
    "observaciones": "Ninguna",
    "parametro_sq": 10,
    "metodo": null,
    "muestras": null,
    "fecha_invalidar": null,
    "fecha_configuracion_protocolo_metodo": "0001-01-01T04:56:16Z",
    "fecha_configuracion_protocolo_proceso": "2026-02-23T22:39:26Z",
    "fecha_registro": "2026-02-23T22:41:22.527Z",
    "fecha_validar": "2026-02-23T22:43:07.765Z",
    "fecha_impresion": "2026-02-23T22:43:21.072Z",
    "fecha_reporte": "2026-02-23T22:43:26.419Z",
    "fecha_auditada": null,
    "invalidar": null,
    "registrada_por": "Analista",
    "validar": "Analista",
    "imprimir": "Analista",
    "reportar": "Analista",
    "auditar": null
  }
},
{
  "model": "Secuencias.secuencias",
  "pk": 27,
  "fields": {
    "nombre": "seq260104",
    "fecha_Inicio": "2026-02-20T22:39:00Z",
    "fecha_Final": null,
    "protocolo": 6,
    "protocolo_proceso": null,
    "sistema": 3,
    "status": "Impresa",
    "invalidar_Secuencia": null,
    "condicion": "Activo",
    "observaciones": "Ninguna",
    "parametro_sq": 12,
    "metodo": null,
    "muestras": null,
    "fecha_invalidar": null,
    "fecha_configuracion_protocolo_metodo": "0001-01-01T04:56:16Z",
    "fecha_configuracion_protocolo_proceso": "2026-02-23T22:39:26Z",
    "fecha_registro": "2026-02-23T22:41:22.527Z",
    "fecha_validar": "2026-02-23T22:43:07.765Z",
    "fecha_impresion": "2026-02-23T22:43:21.589Z",
    "fecha_reporte": null,
    "fecha_auditada": null,
    "invalidar": null,
    "registrada_por": "Analista",
    "validar": "Analista",
    "imprimir": "Analista",
    "reportar": null,
    "auditar": null
  }
},
{
  "model": "Secuencias.secuencias",
  "pk": 28,
  "fields": {
    "nombre": "seq260104",
    "fecha_Inicio": "2026-02-20T22:39:00Z",
    "fecha_Final": null,
    "protocolo": 6,
    "protocolo_proceso": null,
    "sistema": 3,
    "status": "Revisada",
    "invalidar_Secuencia": null,
    "condicion": "Activo",
    "observaciones": "Ninguna",
    "parametro_sq": 13,
    "metodo": null,
    "muestras": null,
    "fecha_invalidar": null,
    "fecha_configuracion_protocolo_metodo": "0001-01-01T04:56:16Z",
    "fecha_configuracion_protocolo_proceso": "2026-02-23T22:39:26Z",
    "fecha_registro": "2026-02-23T22:41:22.527Z",
    "fecha_validar": "2026-02-23T22:43:07.765Z",
    "fecha_impresion": null,
    "fecha_reporte": null,
    "fecha_auditada": null,
    "invalidar": null,
    "registrada_por": "Analista",
    "validar": "Analista",
    "imprimir": null,
    "reportar": null,
    "auditar": null
  }
},
{
  "model": "Secuencias.secuencias",
  "pk": 29,
  "fields": {
    "nombre": "seq260104",
    "fecha_Inicio": "2026-02-20T22:39:00Z",
    "fecha_Final": null,
    "protocolo": 6,
    "protocolo_proceso": null,
    "sistema": 3,
    "status": "Revisada",
    "invalidar_Secuencia": null,
    "condicion": "Activo",
    "observaciones": "Ninguna",
    "parametro_sq": 14,
    "metodo": null,
    "muestras": null,
    "fecha_invalidar": null,
    "fecha_configuracion_protocolo_metodo": "0001-01-01T04:56:16Z",
    "fecha_configuracion_protocolo_proceso": "2026-02-23T22:39:26Z",
    "fecha_registro": "2026-02-23T22:41:22.527Z",
    "fecha_validar": "2026-02-23T22:43:07.765Z",
    "fecha_impresion": null,
    "fecha_reporte": null,
    "fecha_auditada": null,
    "invalidar": null,
    "registrada_por": "Analista",
    "validar": "Analista",
    "imprimir": null,
    "reportar": null,
    "auditar": null
  }
},
{
  "model": "Secuencias.secuencias",
  "pk": 30,
  "fields": {
    "nombre": "seq260104",
    "fecha_Inicio": "2026-02-20T22:39:00Z",
    "fecha_Final": null,
    "protocolo": 6,
    "protocolo_proceso": null,
    "sistema": 3,
    "status": "Revisada",
    "invalidar_Secuencia": null,
    "condicion": "Activo",
    "observaciones": "Ninguna",
    "parametro_sq": 15,
    "metodo": null,
    "muestras": null,
    "fecha_invalidar": null,
    "fecha_configuracion_protocolo_metodo": "0001-01-01T04:56:16Z",
    "fecha_configuracion_protocolo_proceso": "2026-02-23T22:39:26Z",
    "fecha_registro": "2026-02-23T22:41:22.527Z",
    "fecha_validar": "2026-02-23T22:43:07.765Z",
    "fecha_impresion": null,
    "fecha_reporte": null,
    "fecha_auditada": null,
    "invalidar": null,
    "registrada_por": "Analista",
    "validar": "Analista",
    "imprimir": null,
    "reportar": null,
    "auditar": null
  }
},
{
  "model": "Secuencias.secuencias",
  "pk": 31,
  "fields": {
    "nombre": "seq260104",
    "fecha_Inicio": "2026-02-20T22:39:00Z",
    "fecha_Final": null,
    "protocolo": 6,
    "protocolo_proceso": null,
    "sistema": 3,
    "status": "Impresa",
    "invalidar_Secuencia": null,
    "condicion": "Activo",
    "observaciones": "Ninguna",
    "parametro_sq": 16,
    "metodo": null,
    "muestras": null,
    "fecha_invalidar": null,
    "fecha_configuracion_protocolo_metodo": "0001-01-01T04:56:16Z",
    "fecha_configuracion_protocolo_proceso": "2026-02-23T22:39:26Z",
    "fecha_registro": "2026-02-23T22:41:22.527Z",
    "fecha_validar": "2026-02-23T22:43:07.765Z",
    "fecha_impresion": "2026-02-23T22:43:23.073Z",
    "fecha_reporte": null,
    "fecha_auditada": null,
    "invalidar": null,
    "registrada_por": "Analista",
    "validar": "Analista",
    "imprimir": "Analista",
    "reportar": null,
    "auditar": null
  }
},
{
  "model": "Secuencias.secuencias",
  "pk": 32,
  "fields": {
    "nombre": "seq260104 ",
    "fecha_Inicio": "2026-02-20T22:39:00Z",
    "fecha_Final": null,
    "protocolo": 6,
    "protocolo_proceso": null,
    "sistema": 3,
    "status": "Registrada",
    "invalidar_Secuencia": null,
    "condicion": "Activo",
    "observaciones": "Ninguna",
    "parametro_sq": 17,
    "metodo": null,
    "muestras": null,
    "fecha_invalidar": null,
    "fecha_configuracion_protocolo_metodo": "0001-01-01T04:56:16Z",
    "fecha_configuracion_protocolo_proceso": "2026-02-23T22:41:38.892Z",
    "fecha_registro": null,
    "fecha_validar": null,
    "fecha_impresion": null,
    "fecha_reporte": null,
    "fecha_auditada": null,
    "invalidar": null,
    "registrada_por": null,
    "validar": null,
    "imprimir": null,
    "reportar": null,
    "auditar": null
  }
},
{
  "model": "Secuencias.secuencias",
  "pk": 33,
  "fields": {
    "nombre": "seq260605",
    "fecha_Inicio": "2026-02-22T22:44:00Z",
    "fecha_Final": null,
    "protocolo": 7,
    "protocolo_proceso": null,
    "sistema": 2,
    "status": "Auditada",
    "invalidar_Secuencia": null,
    "condicion": "Activo",
    "observaciones": "Ninguna",
    "parametro_sq": 1,
    "metodo": null,
    "muestras": null,
    "fecha_invalidar": null,
    "fecha_configuracion_protocolo_metodo": "0001-01-01T04:56:16Z",
    "fecha_configuracion_protocolo_proceso": "2026-02-23T22:43:40Z",
    "fecha_registro": "2026-02-23T22:45:05.231Z",
    "fecha_validar": "2026-02-23T22:45:22.220Z",
    "fecha_impresion": "2026-02-23T22:45:30.724Z",
    "fecha_reporte": "2026-02-24T00:06:02.073Z",
    "fecha_auditada": "2026-02-24T00:06:29.546Z",
    "invalidar": null,
    "registrada_por": "Analista",
    "validar": "Analista",
    "imprimir": "Analista",
    "reportar": "Analista",
    "auditar": "Auditor"
  }
},
{
  "model": "Secuencias.secuencias",
  "pk": 34,
  "fields": {
    "nombre": "seq260605",
    "fecha_Inicio": "2026-02-22T22:44:00Z",
    "fecha_Final": null,
    "protocolo": 7,
    "protocolo_proceso": null,
    "sistema": 2,
    "status": "Auditada",
    "invalidar_Secuencia": null,
    "condicion": "Activo",
    "observaciones": "Ninguna",
    "parametro_sq": 2,
    "metodo": null,
    "muestras": null,
    "fecha_invalidar": null,
    "fecha_configuracion_protocolo_metodo": "0001-01-01T04:56:16Z",
    "fecha_configuracion_protocolo_proceso": "2026-02-23T22:43:40Z",
    "fecha_registro": "2026-02-23T22:45:05.231Z",
    "fecha_validar": "2026-02-23T22:45:22.220Z",
    "fecha_impresion": "2026-02-23T22:45:32.906Z",
    "fecha_reporte": "2026-02-23T22:45:34.180Z",
    "fecha_auditada": "2026-02-24T00:06:30.090Z",
    "invalidar": null,
    "registrada_por": "Analista",
    "validar": "Analista",
    "imprimir": "Analista",
    "reportar": "Analista",
    "auditar": "Auditor"
  }
},
{
  "model": "Secuencias.secuencias",
  "pk": 35,
  "fields": {
    "nombre": "seq260605",
    "fecha_Inicio": "2026-02-22T22:44:00Z",
    "fecha_Final": null,
    "protocolo": 7,
    "protocolo_proceso": null,
    "sistema": 2,
    "status": "Auditada",
    "invalidar_Secuencia": null,
    "condicion": "Activo",
    "observaciones": "Ninguna",
    "parametro_sq": 3,
    "metodo": null,
    "muestras": null,
    "fecha_invalidar": null,
    "fecha_configuracion_protocolo_metodo": "0001-01-01T04:56:16Z",
    "fecha_configuracion_protocolo_proceso": "2026-02-23T22:43:40Z",
    "fecha_registro": "2026-02-23T22:45:05.231Z",
    "fecha_validar": "2026-02-23T22:45:22.220Z",
    "fecha_impresion": "2026-02-24T00:06:04.954Z",
    "fecha_reporte": "2026-02-24T00:06:07.246Z",
    "fecha_auditada": "2026-02-24T00:06:30.673Z",
    "invalidar": null,
    "registrada_por": "Analista",
    "validar": "Analista",
    "imprimir": "Analista",
    "reportar": "Analista",
    "auditar": "Auditor"
  }
},
{
  "model": "Secuencias.secuencias",
  "pk": 36,
  "fields": {
    "nombre": "seq260605",
    "fecha_Inicio": "2026-02-22T22:44:00Z",
    "fecha_Final": null,
    "protocolo": 7,
    "protocolo_proceso": null,
    "sistema": 2,
    "status": "Auditada",
    "invalidar_Secuencia": null,
    "condicion": "Activo",
    "observaciones": "Ninguna",
    "parametro_sq": 4,
    "metodo": null,
    "muestras": null,
    "fecha_invalidar": null,
    "fecha_configuracion_protocolo_metodo": "0001-01-01T04:56:16Z",
    "fecha_configuracion_protocolo_proceso": "2026-02-23T22:43:40Z",
    "fecha_registro": "2026-02-23T22:45:05.231Z",
    "fecha_validar": "2026-02-23T22:45:22.220Z",
    "fecha_impresion": "2026-02-24T00:06:05.459Z",
    "fecha_reporte": "2026-02-24T00:06:07.762Z",
    "fecha_auditada": "2026-02-24T00:06:31.205Z",
    "invalidar": null,
    "registrada_por": "Analista",
    "validar": "Analista",
    "imprimir": "Analista",
    "reportar": "Analista",
    "auditar": "Auditor"
  }
},
{
  "model": "Secuencias.secuencias",
  "pk": 37,
  "fields": {
    "nombre": "seq260606",
    "fecha_Inicio": "2026-02-22T22:46:00Z",
    "fecha_Final": null,
    "protocolo": 8,
    "protocolo_proceso": null,
    "sistema": 4,
    "status": "Reportada",
    "invalidar_Secuencia": null,
    "condicion": "Activo",
    "observaciones": "Ninguna",
    "parametro_sq": 1,
    "metodo": null,
    "muestras": null,
    "fecha_invalidar": null,
    "fecha_configuracion_protocolo_metodo": "0001-01-01T04:56:16Z",
    "fecha_configuracion_protocolo_proceso": "2026-02-23T22:45:41Z",
    "fecha_registro": "2026-02-23T22:46:29.587Z",
    "fecha_validar": "2026-02-23T22:46:44.539Z",
    "fecha_impresion": "2026-02-23T22:46:51.979Z",
    "fecha_reporte": "2026-02-23T22:46:55.153Z",
    "fecha_auditada": null,
    "invalidar": null,
    "registrada_por": "Analista",
    "validar": "Analista",
    "imprimir": "Analista",
    "reportar": "Analista",
    "auditar": null
  }
},
{
  "model": "Secuencias.secuencias",
  "pk": 38,
  "fields": {
    "nombre": "seq260606",
    "fecha_Inicio": "2026-02-22T22:46:00Z",
    "fecha_Final": null,
    "protocolo": 8,
    "protocolo_proceso": null,
    "sistema": 4,
    "status": "Reportada",
    "invalidar_Secuencia": null,
    "condicion": "Activo",
    "observaciones": "Ninguna",
    "parametro_sq": 2,
    "metodo": null,
    "muestras": null,
    "fecha_invalidar": null,
    "fecha_configuracion_protocolo_metodo": "0001-01-01T04:56:16Z",
    "fecha_configuracion_protocolo_proceso": "2026-02-23T22:45:41Z",
    "fecha_registro": "2026-02-23T22:46:29.587Z",
    "fecha_validar": "2026-02-23T22:46:44.539Z",
    "fecha_impresion": "2026-02-23T22:46:52.455Z",
    "fecha_reporte": "2026-02-23T22:46:55.643Z",
    "fecha_auditada": null,
    "invalidar": null,
    "registrada_por": "Analista",
    "validar": "Analista",
    "imprimir": "Analista",
    "reportar": "Analista",
    "auditar": null
  }
},
{
  "model": "Secuencias.secuencias",
  "pk": 39,
  "fields": {
    "nombre": "seq260606",
    "fecha_Inicio": "2026-02-22T22:46:00Z",
    "fecha_Final": null,
    "protocolo": 8,
    "protocolo_proceso": null,
    "sistema": 4,
    "status": "Reportada",
    "invalidar_Secuencia": null,
    "condicion": "Activo",
    "observaciones": "Ninguna",
    "parametro_sq": 3,
    "metodo": null,
    "muestras": null,
    "fecha_invalidar": null,
    "fecha_configuracion_protocolo_metodo": "0001-01-01T04:56:16Z",
    "fecha_configuracion_protocolo_proceso": "2026-02-23T22:45:41Z",
    "fecha_registro": "2026-02-23T22:46:29.587Z",
    "fecha_validar": "2026-02-23T22:46:44.539Z",
    "fecha_impresion": "2026-02-23T22:46:53.005Z",
    "fecha_reporte": "2026-02-23T22:46:58.207Z",
    "fecha_auditada": null,
    "invalidar": null,
    "registrada_por": "Analista",
    "validar": "Analista",
    "imprimir": "Analista",
    "reportar": "Analista",
    "auditar": null
  }
},
{
  "model": "Secuencias.secuencias",
  "pk": 40,
  "fields": {
    "nombre": "seq260606",
    "fecha_Inicio": "2026-02-22T22:46:00Z",
    "fecha_Final": null,
    "protocolo": 8,
    "protocolo_proceso": null,
    "sistema": 4,
    "status": "Impresa",
    "invalidar_Secuencia": null,
    "condicion": "Activo",
    "observaciones": "Ninguna",
    "parametro_sq": 4,
    "metodo": null,
    "muestras": null,
    "fecha_invalidar": null,
    "fecha_configuracion_protocolo_metodo": "0001-01-01T04:56:16Z",
    "fecha_configuracion_protocolo_proceso": "2026-02-23T22:45:41Z",
    "fecha_registro": "2026-02-23T22:46:29.587Z",
    "fecha_validar": "2026-02-23T22:46:44.539Z",
    "fecha_impresion": "2026-02-23T22:46:53.707Z",
    "fecha_reporte": null,
    "fecha_auditada": null,
    "invalidar": null,
    "registrada_por": "Analista",
    "validar": "Analista",
    "imprimir": "Analista",
    "reportar": null,
    "auditar": null
  }
},
{
  "model": "Secuencias.secuencias",
  "pk": 41,
  "fields": {
    "nombre": "seq260606",
    "fecha_Inicio": "2026-02-22T22:46:00Z",
    "fecha_Final": null,
    "protocolo": 8,
    "protocolo_proceso": null,
    "sistema": 4,
    "status": "Registrada",
    "invalidar_Secuencia": null,
    "condicion": "Activo",
    "observaciones": "Ninguna",
    "parametro_sq": 5,
    "metodo": null,
    "muestras": null,
    "fecha_invalidar": null,
    "fecha_configuracion_protocolo_metodo": "0001-01-01T04:56:16Z",
    "fecha_configuracion_protocolo_proceso": "2026-02-23T22:45:41Z",
    "fecha_registro": "2026-02-23T22:46:29.587Z",
    "fecha_validar": null,
    "fecha_impresion": null,
    "fecha_reporte": null,
    "fecha_auditada": null,
    "invalidar": null,
    "registrada_por": "Analista",
    "validar": null,
    "imprimir": null,
    "reportar": null,
    "auditar": null
  }
},
{
  "model": "Secuencias.secuencias",
  "pk": 42,
  "fields": {
    "nombre": "seq260107",
    "fecha_Inicio": "2026-02-23T22:48:00Z",
    "fecha_Final": null,
    "protocolo": 9,
    "protocolo_proceso": null,
    "sistema": 4,
    "status": "Auditada",
    "invalidar_Secuencia": null,
    "condicion": "Activo",
    "observaciones": "Ninguna",
    "parametro_sq": 1,
    "metodo": null,
    "muestras": null,
    "fecha_invalidar": null,
    "fecha_configuracion_protocolo_metodo": "0001-01-01T04:56:16Z",
    "fecha_configuracion_protocolo_proceso": "2026-02-23T22:48:13Z",
    "fecha_registro": "2026-02-23T22:49:12.042Z",
    "fecha_validar": "2026-02-23T22:49:30.655Z",
    "fecha_impresion": "2026-02-23T22:49:43.958Z",
    "fecha_reporte": "2026-02-24T00:15:57.260Z",
    "fecha_auditada": "2026-02-24T00:16:22.392Z",
    "invalidar": null,
    "registrada_por": "Analista",
    "validar": "Analista",
    "imprimir": "Analista",
    "reportar": "Analista",
    "auditar": "Auditor"
  }
},
{
  "model": "Secuencias.secuencias",
  "pk": 43,
  "fields": {
    "nombre": "seq260107",
    "fecha_Inicio": "2026-02-23T22:48:00Z",
    "fecha_Final": null,
    "protocolo": 9,
    "protocolo_proceso": null,
    "sistema": 4,
    "status": "Auditada",
    "invalidar_Secuencia": null,
    "condicion": "Activo",
    "observaciones": "Ninguna",
    "parametro_sq": 2,
    "metodo": null,
    "muestras": null,
    "fecha_invalidar": null,
    "fecha_configuracion_protocolo_metodo": "0001-01-01T04:56:16Z",
    "fecha_configuracion_protocolo_proceso": "2026-02-23T22:48:13Z",
    "fecha_registro": "2026-02-23T22:49:12.042Z",
    "fecha_validar": "2026-02-23T22:49:30.655Z",
    "fecha_impresion": "2026-02-24T00:16:01.555Z",
    "fecha_reporte": "2026-02-24T00:16:03.439Z",
    "fecha_auditada": "2026-02-24T00:16:22.937Z",
    "invalidar": null,
    "registrada_por": "Analista",
    "validar": "Analista",
    "imprimir": "Analista",
    "reportar": "Analista",
    "auditar": "Auditor"
  }
},
{
  "model": "Secuencias.secuencias",
  "pk": 44,
  "fields": {
    "nombre": "seq260107",
    "fecha_Inicio": "2026-02-23T22:48:00Z",
    "fecha_Final": null,
    "protocolo": 9,
    "protocolo_proceso": null,
    "sistema": 4,
    "status": "Auditada",
    "invalidar_Secuencia": null,
    "condicion": "Activo",
    "observaciones": "Ninguna",
    "parametro_sq": 3,
    "metodo": null,
    "muestras": null,
    "fecha_invalidar": null,
    "fecha_configuracion_protocolo_metodo": "0001-01-01T04:56:16Z",
    "fecha_configuracion_protocolo_proceso": "2026-02-23T22:48:13Z",
    "fecha_registro": "2026-02-23T22:49:12.042Z",
    "fecha_validar": "2026-02-23T22:49:30.655Z",
    "fecha_impresion": "2026-02-23T22:49:44.878Z",
    "fecha_reporte": "2026-02-23T22:49:51.855Z",
    "fecha_auditada": "2026-02-24T00:16:23.563Z",
    "invalidar": null,
    "registrada_por": "Analista",
    "validar": "Analista",
    "imprimir": "Analista",
    "reportar": "Analista",
    "auditar": "Auditor"
  }
},
{
  "model": "Secuencias.secuencias",
  "pk": 45,
  "fields": {
    "nombre": "seq260107",
    "fecha_Inicio": "2026-02-23T22:48:00Z",
    "fecha_Final": null,
    "protocolo": 9,
    "protocolo_proceso": null,
    "sistema": 4,
    "status": "Auditada",
    "invalidar_Secuencia": null,
    "condicion": "Activo",
    "observaciones": "Ninguna",
    "parametro_sq": 4,
    "metodo": null,
    "muestras": null,
    "fecha_invalidar": null,
    "fecha_configuracion_protocolo_metodo": "0001-01-01T04:56:16Z",
    "fecha_configuracion_protocolo_proceso": "2026-02-23T22:48:13Z",
    "fecha_registro": "2026-02-23T22:49:12.042Z",
    "fecha_validar": "2026-02-23T22:49:30.655Z",
    "fecha_impresion": "2026-02-23T22:49:45.439Z",
    "fecha_reporte": "2026-02-24T00:15:59.473Z",
    "fecha_auditada": "2026-02-24T00:16:24.139Z",
    "invalidar": null,
    "registrada_por": "Analista",
    "validar": "Analista",
    "imprimir": "Analista",
    "reportar": "Analista",
    "auditar": "Auditor"
  }
},
{
  "model": "Secuencias.secuencias",
  "pk": 46,
  "fields": {
    "nombre": "seq260107",
    "fecha_Inicio": "2026-02-23T22:48:00Z",
    "fecha_Final": null,
    "protocolo": 9,
    "protocolo_proceso": null,
    "sistema": 4,
    "status": "Auditada",
    "invalidar_Secuencia": null,
    "condicion": "Activo",
    "observaciones": "Ninguna",
    "parametro_sq": 5,
    "metodo": null,
    "muestras": null,
    "fecha_invalidar": null,
    "fecha_configuracion_protocolo_metodo": "0001-01-01T04:56:16Z",
    "fecha_configuracion_protocolo_proceso": "2026-02-23T22:48:13Z",
    "fecha_registro": "2026-02-23T22:49:12.042Z",
    "fecha_validar": "2026-02-23T22:49:30.655Z",
    "fecha_impresion": "2026-02-23T22:49:45.955Z",
    "fecha_reporte": "2026-02-23T22:49:52.708Z",
    "fecha_auditada": "2026-02-24T00:16:24.796Z",
    "invalidar": null,
    "registrada_por": "Analista",
    "validar": "Analista",
    "imprimir": "Analista",
    "reportar": "Analista",
    "auditar": "Auditor"
  }
},
{
  "model": "Secuencias.secuencias",
  "pk": 47,
  "fields": {
    "nombre": "seq260108",
    "fecha_Inicio": "2026-01-22T08:51:00Z",
    "fecha_Final": null,
    "protocolo": 10,
    "protocolo_proceso": null,
    "sistema": 5,
    "status": "Invalida",
    "invalidar_Secuencia": "Incumplimiento de System (Correlación)",
    "condicion": "Activo",
    "observaciones": "Ninguna",
    "parametro_sq": 4,
    "metodo": null,
    "muestras": null,
    "fecha_invalidar": "2026-02-24T01:08:42.842Z",
    "fecha_configuracion_protocolo_metodo": "2026-02-24T01:08:42.842Z",
    "fecha_configuracion_protocolo_proceso": "2026-02-24T01:08:42.842Z",
    "fecha_registro": "2026-02-23T22:52:04.004Z",
    "fecha_validar": null,
    "fecha_impresion": null,
    "fecha_reporte": null,
    "fecha_auditada": null,
    "invalidar": "Analista",
    "registrada_por": "Analista",
    "validar": null,
    "imprimir": null,
    "reportar": null,
    "auditar": null
  }
},
{
  "model": "Secuencias.secuencias",
  "pk": 48,
  "fields": {
    "nombre": "seq260108",
    "fecha_Inicio": "2026-01-23T03:51:00Z",
    "fecha_Final": null,
    "protocolo": 10,
    "protocolo_proceso": null,
    "sistema": 5,
    "status": "Invalida",
    "invalidar_Secuencia": "Incumplimiento de System (Correlación)",
    "condicion": "Activo",
    "observaciones": "Ninguna",
    "parametro_sq": 5,
    "metodo": null,
    "muestras": null,
    "fecha_invalidar": "2026-02-24T01:08:42.860Z",
    "fecha_configuracion_protocolo_metodo": "2026-02-24T01:08:42.860Z",
    "fecha_configuracion_protocolo_proceso": "2026-02-24T01:08:42.860Z",
    "fecha_registro": "2026-02-23T22:52:04.004Z",
    "fecha_validar": null,
    "fecha_impresion": null,
    "fecha_reporte": null,
    "fecha_auditada": null,
    "invalidar": "Analista",
    "registrada_por": "Analista",
    "validar": null,
    "imprimir": null,
    "reportar": null,
    "auditar": null
  }
},
{
  "model": "Secuencias.secuencias",
  "pk": 49,
  "fields": {
    "nombre": "seq260108",
    "fecha_Inicio": "2026-01-23T03:51:00Z",
    "fecha_Final": null,
    "protocolo": 10,
    "protocolo_proceso": null,
    "sistema": 5,
    "status": "Invalida",
    "invalidar_Secuencia": "Incumplimiento de System (Correlación)",
    "condicion": "Activo",
    "observaciones": "Ninguna",
    "parametro_sq": 6,
    "metodo": null,
    "muestras": null,
    "fecha_invalidar": "2026-02-24T01:08:42.879Z",
    "fecha_configuracion_protocolo_metodo": "2026-02-24T01:08:42.879Z",
    "fecha_configuracion_protocolo_proceso": "2026-02-24T01:08:42.879Z",
    "fecha_registro": "2026-02-23T22:52:04.004Z",
    "fecha_validar": null,
    "fecha_impresion": null,
    "fecha_reporte": null,
    "fecha_auditada": null,
    "invalidar": "Analista",
    "registrada_por": "Analista",
    "validar": null,
    "imprimir": null,
    "reportar": null,
    "auditar": null
  }
},
{
  "model": "Secuencias.secuencias",
  "pk": 50,
  "fields": {
    "nombre": "seq260108",
    "fecha_Inicio": "2026-01-23T03:51:00Z",
    "fecha_Final": null,
    "protocolo": 10,
    "protocolo_proceso": null,
    "sistema": 5,
    "status": "Invalida",
    "invalidar_Secuencia": "Incumplimiento de System (Correlación)",
    "condicion": "Activo",
    "observaciones": "Ninguna",
    "parametro_sq": 7,
    "metodo": null,
    "muestras": null,
    "fecha_invalidar": "2026-02-24T01:08:42.892Z",
    "fecha_configuracion_protocolo_metodo": "2026-02-24T01:08:42.892Z",
    "fecha_configuracion_protocolo_proceso": "2026-02-24T01:08:42.892Z",
    "fecha_registro": "2026-02-23T22:52:04.004Z",
    "fecha_validar": null,
    "fecha_impresion": null,
    "fecha_reporte": null,
    "fecha_auditada": null,
    "invalidar": "Analista",
    "registrada_por": "Analista",
    "validar": null,
    "imprimir": null,
    "reportar": null,
    "auditar": null
  }
},
{
  "model": "Secuencias.secuencias",
  "pk": 51,
  "fields": {
    "nombre": "seq260108",
    "fecha_Inicio": "2026-01-23T03:51:00Z",
    "fecha_Final": null,
    "protocolo": 10,
    "protocolo_proceso": null,
    "sistema": 5,
    "status": "Invalida",
    "invalidar_Secuencia": "Incumplimiento de System (Correlación)",
    "condicion": "Activo",
    "observaciones": "Ninguna",
    "parametro_sq": 8,
    "metodo": null,
    "muestras": null,
    "fecha_invalidar": "2026-02-24T01:08:42.909Z",
    "fecha_configuracion_protocolo_metodo": "2026-02-24T01:08:42.909Z",
    "fecha_configuracion_protocolo_proceso": "2026-02-24T01:08:42.909Z",
    "fecha_registro": "2026-02-23T22:52:04.004Z",
    "fecha_validar": null,
    "fecha_impresion": null,
    "fecha_reporte": null,
    "fecha_auditada": null,
    "invalidar": "Analista",
    "registrada_por": "Analista",
    "validar": null,
    "imprimir": null,
    "reportar": null,
    "auditar": null
  }
},
{
  "model": "Secuencias.secuencias",
  "pk": 52,
  "fields": {
    "nombre": "seq260108",
    "fecha_Inicio": "2026-01-15T13:51:00Z",
    "fecha_Final": null,
    "protocolo": 10,
    "protocolo_proceso": null,
    "sistema": 5,
    "status": "Invalida",
    "invalidar_Secuencia": "Incumplimiento de System (Correlación)",
    "condicion": "Activo",
    "observaciones": "Ninguna",
    "parametro_sq": 9,
    "metodo": null,
    "muestras": null,
    "fecha_invalidar": "2026-02-24T01:08:42.925Z",
    "fecha_configuracion_protocolo_metodo": "2026-02-24T01:08:42.925Z",
    "fecha_configuracion_protocolo_proceso": "2026-02-24T01:08:42.925Z",
    "fecha_registro": "2026-02-23T22:52:04.004Z",
    "fecha_validar": null,
    "fecha_impresion": null,
    "fecha_reporte": null,
    "fecha_auditada": null,
    "invalidar": "Analista",
    "registrada_por": "Analista",
    "validar": null,
    "imprimir": null,
    "reportar": null,
    "auditar": null
  }
},
{
  "model": "Secuencias.secuencias",
  "pk": 53,
  "fields": {
    "nombre": "seq260110",
    "fecha_Inicio": "2026-02-23T23:09:00Z",
    "fecha_Final": null,
    "protocolo": 2,
    "protocolo_proceso": null,
    "sistema": 5,
    "status": "Revisada",
    "invalidar_Secuencia": null,
    "condicion": "Activo",
    "observaciones": "Ninguna",
    "parametro_sq": 1,
    "metodo": null,
    "muestras": null,
    "fecha_invalidar": null,
    "fecha_configuracion_protocolo_metodo": "0001-01-01T04:56:16Z",
    "fecha_configuracion_protocolo_proceso": "2026-02-23T23:08:38Z",
    "fecha_registro": "2026-02-23T23:09:57.733Z",
    "fecha_validar": "2026-02-23T23:10:52.295Z",
    "fecha_impresion": null,
    "fecha_reporte": null,
    "fecha_auditada": null,
    "invalidar": null,
    "registrada_por": "Analista",
    "validar": "Analista",
    "imprimir": null,
    "reportar": null,
    "auditar": null
  }
},
{
  "model": "Secuencias.secuencias",
  "pk": 54,
  "fields": {
    "nombre": "seq260110",
    "fecha_Inicio": "2026-02-23T23:09:00Z",
    "fecha_Final": null,
    "protocolo": 2,
    "protocolo_proceso": null,
    "sistema": 5,
    "status": "Impresa",
    "invalidar_Secuencia": null,
    "condicion": "Activo",
    "observaciones": "Ninguna",
    "parametro_sq": 2,
    "metodo": null,
    "muestras": null,
    "fecha_invalidar": null,
    "fecha_configuracion_protocolo_metodo": "0001-01-01T04:56:16Z",
    "fecha_configuracion_protocolo_proceso": "2026-02-23T23:08:38Z",
    "fecha_registro": "2026-02-23T23:09:57.733Z",
    "fecha_validar": "2026-02-23T23:10:52.295Z",
    "fecha_impresion": "2026-02-23T23:11:05.476Z",
    "fecha_reporte": null,
    "fecha_auditada": null,
    "invalidar": null,
    "registrada_por": "Analista",
    "validar": "Analista",
    "imprimir": "Analista",
    "reportar": null,
    "auditar": null
  }
},
{
  "model": "Secuencias.secuencias",
  "pk": 55,
  "fields": {
    "nombre": "seq260110",
    "fecha_Inicio": "2026-02-23T23:09:00Z",
    "fecha_Final": null,
    "protocolo": 2,
    "protocolo_proceso": null,
    "sistema": 5,
    "status": "Revisada",
    "invalidar_Secuencia": null,
    "condicion": "Activo",
    "observaciones": "Ninguna",
    "parametro_sq": 3,
    "metodo": null,
    "muestras": null,
    "fecha_invalidar": null,
    "fecha_configuracion_protocolo_metodo": "0001-01-01T04:56:16Z",
    "fecha_configuracion_protocolo_proceso": "2026-02-23T23:08:38Z",
    "fecha_registro": "2026-02-23T23:09:57.733Z",
    "fecha_validar": "2026-02-23T23:10:52.295Z",
    "fecha_impresion": null,
    "fecha_reporte": null,
    "fecha_auditada": null,
    "invalidar": null,
    "registrada_por": "Analista",
    "validar": "Analista",
    "imprimir": null,
    "reportar": null,
    "auditar": null
  }
},
{
  "model": "Secuencias.secuencias",
  "pk": 56,
  "fields": {
    "nombre": "seq260110",
    "fecha_Inicio": "2026-02-23T23:09:00Z",
    "fecha_Final": null,
    "protocolo": 2,
    "protocolo_proceso": null,
    "sistema": 5,
    "status": "Revisada",
    "invalidar_Secuencia": null,
    "condicion": "Activo",
    "observaciones": "Ninguna",
    "parametro_sq": 4,
    "metodo": null,
    "muestras": null,
    "fecha_invalidar": null,
    "fecha_configuracion_protocolo_metodo": "0001-01-01T04:56:16Z",
    "fecha_configuracion_protocolo_proceso": "2026-02-23T23:08:38Z",
    "fecha_registro": "2026-02-23T23:09:57.733Z",
    "fecha_validar": "2026-02-23T23:10:52.295Z",
    "fecha_impresion": null,
    "fecha_reporte": null,
    "fecha_auditada": null,
    "invalidar": null,
    "registrada_por": "Analista",
    "validar": "Analista",
    "imprimir": null,
    "reportar": null,
    "auditar": null
  }
},
{
  "model": "Secuencias.secuencias",
  "pk": 57,
  "fields": {
    "nombre": "seq260110",
    "fecha_Inicio": "2026-02-23T23:09:00Z",
    "fecha_Final": null,
    "protocolo": 2,
    "protocolo_proceso": null,
    "sistema": 5,
    "status": "Impresa",
    "invalidar_Secuencia": null,
    "condicion": "Activo",
    "observaciones": "Ninguna",
    "parametro_sq": 5,
    "metodo": null,
    "muestras": null,
    "fecha_invalidar": null,
    "fecha_configuracion_protocolo_metodo": "0001-01-01T04:56:16Z",
    "fecha_configuracion_protocolo_proceso": "2026-02-23T23:08:38Z",
    "fecha_registro": "2026-02-23T23:09:57.733Z",
    "fecha_validar": "2026-02-23T23:10:52.295Z",
    "fecha_impresion": "2026-02-23T23:11:04.499Z",
    "fecha_reporte": null,
    "fecha_auditada": null,
    "invalidar": null,
    "registrada_por": "Analista",
    "validar": "Analista",
    "imprimir": "Analista",
    "reportar": null,
    "auditar": null
  }
},
{
  "model": "Secuencias.secuencias",
  "pk": 58,
  "fields": {
    "nombre": "seq260110",
    "fecha_Inicio": "2026-02-23T23:09:00Z",
    "fecha_Final": null,
    "protocolo": 2,
    "protocolo_proceso": null,
    "sistema": 5,
    "status": "Revisada",
    "invalidar_Secuencia": null,
    "condicion": "Activo",
    "observaciones": "Ninguna",
    "parametro_sq": 6,
    "metodo": null,
    "muestras": null,
    "fecha_invalidar": null,
    "fecha_configuracion_protocolo_metodo": "0001-01-01T04:56:16Z",
    "fecha_configuracion_protocolo_proceso": "2026-02-23T23:08:38Z",
    "fecha_registro": "2026-02-23T23:09:57.733Z",
    "fecha_validar": "2026-02-23T23:10:52.295Z",
    "fecha_impresion": null,
    "fecha_reporte": null,
    "fecha_auditada": null,
    "invalidar": null,
    "registrada_por": "Analista",
    "validar": "Analista",
    "imprimir": null,
    "reportar": null,
    "auditar": null
  }
},
{
  "model": "Secuencias.secuencias",
  "pk": 59,
  "fields": {
    "nombre": "seq260110",
    "fecha_Inicio": "2026-02-23T23:09:00Z",
    "fecha_Final": null,
    "protocolo": 2,
    "protocolo_proceso": null,
    "sistema": 5,
    "status": "Registrada",
    "invalidar_Secuencia": null,
    "condicion": "Activo",
    "observaciones": "Ninguna",
    "parametro_sq": 7,
    "metodo": null,
    "muestras": null,
    "fecha_invalidar": null,
    "fecha_configuracion_protocolo_metodo": "0001-01-01T04:56:16Z",
    "fecha_configuracion_protocolo_proceso": "2026-02-23T23:08:38Z",
    "fecha_registro": "2026-02-23T23:09:57.733Z",
    "fecha_validar": null,
    "fecha_impresion": null,
    "fecha_reporte": null,
    "fecha_auditada": null,
    "invalidar": null,
    "registrada_por": "Analista",
    "validar": null,
    "imprimir": null,
    "reportar": null,
    "auditar": null
  }
},
{
  "model": "Secuencias.secuencias",
  "pk": 60,
  "fields": {
    "nombre": "seq260110",
    "fecha_Inicio": "2026-02-23T23:09:00Z",
    "fecha_Final": null,
    "protocolo": 2,
    "protocolo_proceso": null,
    "sistema": 5,
    "status": "Revisada",
    "invalidar_Secuencia": null,
    "condicion": "Activo",
    "observaciones": "Ninguna",
    "parametro_sq": 8,
    "metodo": null,
    "muestras": null,
    "fecha_invalidar": null,
    "fecha_configuracion_protocolo_metodo": "0001-01-01T04:56:16Z",
    "fecha_configuracion_protocolo_proceso": "2026-02-23T23:08:38Z",
    "fecha_registro": "2026-02-23T23:09:57.733Z",
    "fecha_validar": "2026-02-23T23:10:52.295Z",
    "fecha_impresion": null,
    "fecha_reporte": null,
    "fecha_auditada": null,
    "invalidar": null,
    "registrada_por": "Analista",
    "validar": "Analista",
    "imprimir": null,
    "reportar": null,
    "auditar": null
  }
},
{
  "model": "Secuencias.secuencias",
  "pk": 61,
  "fields": {
    "nombre": "seq260110",
    "fecha_Inicio": "2026-02-23T23:09:00Z",
    "fecha_Final": null,
    "protocolo": 2,
    "protocolo_proceso": null,
    "sistema": 5,
    "status": "Impresa",
    "invalidar_Secuencia": null,
    "condicion": "Activo",
    "observaciones": "Ninguna",
    "parametro_sq": 9,
    "metodo": null,
    "muestras": null,
    "fecha_invalidar": null,
    "fecha_configuracion_protocolo_metodo": "0001-01-01T04:56:16Z",
    "fecha_configuracion_protocolo_proceso": "2026-02-23T23:08:38Z",
    "fecha_registro": "2026-02-23T23:09:57.733Z",
    "fecha_validar": "2026-02-23T23:10:52.295Z",
    "fecha_impresion": "2026-02-23T23:11:03.578Z",
    "fecha_reporte": null,
    "fecha_auditada": null,
    "invalidar": null,
    "registrada_por": "Analista",
    "validar": "Analista",
    "imprimir": "Analista",
    "reportar": null,
    "auditar": null
  }
},
{
  "model": "Secuencias.secuencias",
  "pk": 62,
  "fields": {
    "nombre": "seq260111",
    "fecha_Inicio": "2026-02-21T23:11:00Z",
    "fecha_Final": null,
    "protocolo": 3,
    "protocolo_proceso": null,
    "sistema": 3,
    "status": "Revisada",
    "invalidar_Secuencia": null,
    "condicion": "Activo",
    "observaciones": "Ninguna",
    "parametro_sq": 5,
    "metodo": null,
    "muestras": null,
    "fecha_invalidar": null,
    "fecha_configuracion_protocolo_metodo": "0001-01-01T04:56:16Z",
    "fecha_configuracion_protocolo_proceso": "2026-02-23T23:11:30Z",
    "fecha_registro": "2026-02-23T23:12:55.864Z",
    "fecha_validar": "2026-02-23T23:13:19.580Z",
    "fecha_impresion": null,
    "fecha_reporte": null,
    "fecha_auditada": null,
    "invalidar": null,
    "registrada_por": "Analista",
    "validar": "Analista",
    "imprimir": null,
    "reportar": null,
    "auditar": null
  }
},
{
  "model": "Secuencias.secuencias",
  "pk": 63,
  "fields": {
    "nombre": "seq260111",
    "fecha_Inicio": "2026-02-21T23:11:00Z",
    "fecha_Final": null,
    "protocolo": 3,
    "protocolo_proceso": null,
    "sistema": 3,
    "status": "Impresa",
    "invalidar_Secuencia": null,
    "condicion": "Activo",
    "observaciones": "Ninguna",
    "parametro_sq": 6,
    "metodo": null,
    "muestras": null,
    "fecha_invalidar": null,
    "fecha_configuracion_protocolo_metodo": "0001-01-01T04:56:16Z",
    "fecha_configuracion_protocolo_proceso": "2026-02-23T23:11:30Z",
    "fecha_registro": "2026-02-23T23:12:55.864Z",
    "fecha_validar": "2026-02-23T23:13:19.580Z",
    "fecha_impresion": "2026-02-23T23:59:23.678Z",
    "fecha_reporte": null,
    "fecha_auditada": null,
    "invalidar": null,
    "registrada_por": "Analista",
    "validar": "Analista",
    "imprimir": "Analista",
    "reportar": null,
    "auditar": null
  }
},
{
  "model": "Secuencias.secuencias",
  "pk": 64,
  "fields": {
    "nombre": "seq260111",
    "fecha_Inicio": "2026-02-21T23:11:00Z",
    "fecha_Final": null,
    "protocolo": 3,
    "protocolo_proceso": null,
    "sistema": 3,
    "status": "Revisada",
    "invalidar_Secuencia": null,
    "condicion": "Activo",
    "observaciones": "Ninguna",
    "parametro_sq": 7,
    "metodo": null,
    "muestras": null,
    "fecha_invalidar": null,
    "fecha_configuracion_protocolo_metodo": "0001-01-01T04:56:16Z",
    "fecha_configuracion_protocolo_proceso": "2026-02-23T23:11:30Z",
    "fecha_registro": "2026-02-23T23:12:55.864Z",
    "fecha_validar": "2026-02-23T23:13:19.580Z",
    "fecha_impresion": null,
    "fecha_reporte": null,
    "fecha_auditada": null,
    "invalidar": null,
    "registrada_por": "Analista",
    "validar": "Analista",
    "imprimir": null,
    "reportar": null,
    "auditar": null
  }
},
{
  "model": "Secuencias.secuencias",
  "pk": 65,
  "fields": {
    "nombre": "seq260111",
    "fecha_Inicio": "2026-02-21T23:11:00Z",
    "fecha_Final": null,
    "protocolo": 3,
    "protocolo_proceso": null,
    "sistema": 3,
    "status": "Registrada",
    "invalidar_Secuencia": null,
    "condicion": "Activo",
    "observaciones": "Ninguna",
    "parametro_sq": 8,
    "metodo": null,
    "muestras": null,
    "fecha_invalidar": null,
    "fecha_configuracion_protocolo_metodo": "0001-01-01T04:56:16Z",
    "fecha_configuracion_protocolo_proceso": "2026-02-23T23:11:30Z",
    "fecha_registro": "2026-02-23T23:12:55.864Z",
    "fecha_validar": null,
    "fecha_impresion": null,
    "fecha_reporte": null,
    "fecha_auditada": null,
    "invalidar": null,
    "registrada_por": "Analista",
    "validar": null,
    "imprimir": null,
    "reportar": null,
    "auditar": null
  }
},
{
  "model": "Secuencias.secuencias",
  "pk": 66,
  "fields": {
    "nombre": "seq260112",
    "fecha_Inicio": "2026-02-22T23:57:00Z",
    "fecha_Final": null,
    "protocolo": 3,
    "protocolo_proceso": null,
    "sistema": 5,
    "status": "Impresa",
    "invalidar_Secuencia": null,
    "condicion": "Activo",
    "observaciones": "Ninguna",
    "parametro_sq": 10,
    "metodo": null,
    "muestras": null,
    "fecha_invalidar": null,
    "fecha_configuracion_protocolo_metodo": "0001-01-01T04:56:16Z",
    "fecha_configuracion_protocolo_proceso": "2026-02-23T23:11:30Z",
    "fecha_registro": "2026-02-23T23:57:43.725Z",
    "fecha_validar": "2026-02-23T23:58:42.473Z",
    "fecha_impresion": "2026-02-23T23:59:24.325Z",
    "fecha_reporte": null,
    "fecha_auditada": null,
    "invalidar": null,
    "registrada_por": "Analista",
    "validar": "Analista",
    "imprimir": "Analista",
    "reportar": null,
    "auditar": null
  }
},
{
  "model": "Secuencias.secuencias",
  "pk": 67,
  "fields": {
    "nombre": "seq260112",
    "fecha_Inicio": "2026-02-22T23:57:00Z",
    "fecha_Final": null,
    "protocolo": 3,
    "protocolo_proceso": null,
    "sistema": 5,
    "status": "Revisada",
    "invalidar_Secuencia": null,
    "condicion": "Activo",
    "observaciones": "Ninguna",
    "parametro_sq": 11,
    "metodo": null,
    "muestras": null,
    "fecha_invalidar": null,
    "fecha_configuracion_protocolo_metodo": "0001-01-01T04:56:16Z",
    "fecha_configuracion_protocolo_proceso": "2026-02-23T23:11:30Z",
    "fecha_registro": "2026-02-23T23:57:43.725Z",
    "fecha_validar": "2026-02-23T23:58:42.473Z",
    "fecha_impresion": null,
    "fecha_reporte": null,
    "fecha_auditada": null,
    "invalidar": null,
    "registrada_por": "Analista",
    "validar": "Analista",
    "imprimir": null,
    "reportar": null,
    "auditar": null
  }
},
{
  "model": "Secuencias.secuencias",
  "pk": 68,
  "fields": {
    "nombre": "seq260112",
    "fecha_Inicio": "2026-02-22T23:57:00Z",
    "fecha_Final": null,
    "protocolo": 3,
    "protocolo_proceso": null,
    "sistema": 5,
    "status": "Reportada",
    "invalidar_Secuencia": null,
    "condicion": "Activo",
    "observaciones": "Ninguna",
    "parametro_sq": 12,
    "metodo": null,
    "muestras": null,
    "fecha_invalidar": null,
    "fecha_configuracion_protocolo_metodo": "0001-01-01T04:56:16Z",
    "fecha_configuracion_protocolo_proceso": "2026-02-23T23:11:30Z",
    "fecha_registro": "2026-02-23T23:57:43.725Z",
    "fecha_validar": "2026-02-23T23:58:42.473Z",
    "fecha_impresion": "2026-02-23T23:59:25.323Z",
    "fecha_reporte": "2026-02-23T23:59:37.457Z",
    "fecha_auditada": null,
    "invalidar": null,
    "registrada_por": "Analista",
    "validar": "Analista",
    "imprimir": "Analista",
    "reportar": "Analista",
    "auditar": null
  }
},
{
  "model": "Secuencias.secuencias",
  "pk": 69,
  "fields": {
    "nombre": "seq260112",
    "fecha_Inicio": "2026-02-22T23:57:00Z",
    "fecha_Final": null,
    "protocolo": 3,
    "protocolo_proceso": null,
    "sistema": 5,
    "status": "Revisada",
    "invalidar_Secuencia": null,
    "condicion": "Activo",
    "observaciones": "Ninguna",
    "parametro_sq": 13,
    "metodo": null,
    "muestras": null,
    "fecha_invalidar": null,
    "fecha_configuracion_protocolo_metodo": "0001-01-01T04:56:16Z",
    "fecha_configuracion_protocolo_proceso": "2026-02-23T23:11:30Z",
    "fecha_registro": "2026-02-23T23:57:43.725Z",
    "fecha_validar": "2026-02-23T23:58:42.473Z",
    "fecha_impresion": null,
    "fecha_reporte": null,
    "fecha_auditada": null,
    "invalidar": null,
    "registrada_por": "Analista",
    "validar": "Analista",
    "imprimir": null,
    "reportar": null,
    "auditar": null
  }
},
{
  "model": "Secuencias.secuencias",
  "pk": 70,
  "fields": {
    "nombre": "seq260112",
    "fecha_Inicio": "2026-02-22T23:57:00Z",
    "fecha_Final": null,
    "protocolo": 3,
    "protocolo_proceso": null,
    "sistema": 5,
    "status": "Revisada",
    "invalidar_Secuencia": null,
    "condicion": "Activo",
    "observaciones": "Ninguna",
    "parametro_sq": 14,
    "metodo": null,
    "muestras": null,
    "fecha_invalidar": null,
    "fecha_configuracion_protocolo_metodo": "0001-01-01T04:56:16Z",
    "fecha_configuracion_protocolo_proceso": "2026-02-23T23:11:30Z",
    "fecha_registro": "2026-02-23T23:57:43.725Z",
    "fecha_validar": "2026-02-23T23:58:42.473Z",
    "fecha_impresion": null,
    "fecha_reporte": null,
    "fecha_auditada": null,
    "invalidar": null,
    "registrada_por": "Analista",
    "validar": "Analista",
    "imprimir": null,
    "reportar": null,
    "auditar": null
  }
},
{
  "model": "Secuencias.secuencias",
  "pk": 71,
  "fields": {
    "nombre": "seq260112",
    "fecha_Inicio": "2026-02-22T23:57:00Z",
    "fecha_Final": null,
    "protocolo": 3,
    "protocolo_proceso": null,
    "sistema": 5,
    "status": "Impresa",
    "invalidar_Secuencia": null,
    "condicion": "Activo",
    "observaciones": "Ninguna",
    "parametro_sq": 15,
    "metodo": null,
    "muestras": null,
    "fecha_invalidar": null,
    "fecha_configuracion_protocolo_metodo": "0001-01-01T04:56:16Z",
    "fecha_configuracion_protocolo_proceso": "2026-02-23T23:11:30Z",
    "fecha_registro": "2026-02-23T23:57:43.725Z",
    "fecha_validar": "2026-02-23T23:58:42.473Z",
    "fecha_impresion": "2026-02-23T23:59:26.314Z",
    "fecha_reporte": null,
    "fecha_auditada": null,
    "invalidar": null,
    "registrada_por": "Analista",
    "validar": "Analista",
    "imprimir": "Analista",
    "reportar": null,
    "auditar": null
  }
},
{
  "model": "Secuencias.secuencias",
  "pk": 72,
  "fields": {
    "nombre": "seq260112",
    "fecha_Inicio": "2026-02-22T23:57:00Z",
    "fecha_Final": null,
    "protocolo": 3,
    "protocolo_proceso": null,
    "sistema": 5,
    "status": "Reportada",
    "invalidar_Secuencia": null,
    "condicion": "Activo",
    "observaciones": "Ninguna",
    "parametro_sq": 16,
    "metodo": null,
    "muestras": null,
    "fecha_invalidar": null,
    "fecha_configuracion_protocolo_metodo": "0001-01-01T04:56:16Z",
    "fecha_configuracion_protocolo_proceso": "2026-02-23T23:11:30Z",
    "fecha_registro": "2026-02-23T23:57:43.725Z",
    "fecha_validar": "2026-02-23T23:59:13.955Z",
    "fecha_impresion": "2026-02-23T23:59:26.840Z",
    "fecha_reporte": "2026-02-23T23:59:35.994Z",
    "fecha_auditada": null,
    "invalidar": null,
    "registrada_por": "Analista",
    "validar": "Analista",
    "imprimir": "Analista",
    "reportar": "Analista",
    "auditar": null
  }
},
{
  "model": "Secuencias.secuencias",
  "pk": 73,
  "fields": {
    "nombre": "seq260112",
    "fecha_Inicio": "2026-02-22T23:57:00Z",
    "fecha_Final": null,
    "protocolo": 3,
    "protocolo_proceso": null,
    "sistema": 5,
    "status": "Revisada",
    "invalidar_Secuencia": null,
    "condicion": "Activo",
    "observaciones": "Ninguna",
    "parametro_sq": 17,
    "metodo": null,
    "muestras": null,
    "fecha_invalidar": null,
    "fecha_configuracion_protocolo_metodo": "0001-01-01T04:56:16Z",
    "fecha_configuracion_protocolo_proceso": "2026-02-23T23:11:30Z",
    "fecha_registro": "2026-02-23T23:57:43.725Z",
    "fecha_validar": "2026-02-23T23:59:13.955Z",
    "fecha_impresion": null,
    "fecha_reporte": null,
    "fecha_auditada": null,
    "invalidar": null,
    "registrada_por": "Analista",
    "validar": "Analista",
    "imprimir": null,
    "reportar": null,
    "auditar": null
  }
},
{
  "model": "Secuencias.secuencias",
  "pk": 74,
  "fields": {
    "nombre": "seq260111 ",
    "fecha_Inicio": "2026-02-21T23:11:00Z",
    "fecha_Final": null,
    "protocolo": 3,
    "protocolo_proceso": null,
    "sistema": 3,
    "status": "Revisada",
    "invalidar_Secuencia": null,
    "condicion": "Activo",
    "observaciones": "Ninguna",
    "parametro_sq": 9,
    "metodo": null,
    "muestras": null,
    "fecha_invalidar": null,
    "fecha_configuracion_protocolo_metodo": "0001-01-01T04:56:16Z",
    "fecha_configuracion_protocolo_proceso": "2026-02-23T23:59:02.557Z",
    "fecha_registro": null,
    "fecha_validar": "2026-02-23T23:59:13.955Z",
    "fecha_impresion": null,
    "fecha_reporte": null,
    "fecha_auditada": null,
    "invalidar": null,
    "registrada_por": null,
    "validar": "Analista",
    "imprimir": null,
    "reportar": null,
    "auditar": null
  }
},
{
  "model": "Secuencias.secuencias",
  "pk": 75,
  "fields": {
    "nombre": "seq260101-1",
    "fecha_Inicio": "2026-01-03T01:09:00Z",
    "fecha_Final": null,
    "protocolo": 10,
    "protocolo_proceso": null,
    "sistema": 5,
    "status": "Auditada",
    "invalidar_Secuencia": null,
    "condicion": "Activo",
    "observaciones": "Ninguna",
    "parametro_sq": 4,
    "metodo": null,
    "muestras": null,
    "fecha_invalidar": null,
    "fecha_configuracion_protocolo_metodo": "0001-01-01T04:56:16Z",
    "fecha_configuracion_protocolo_proceso": "2026-02-24T00:23:45Z",
    "fecha_registro": "2026-02-24T01:09:38.219Z",
    "fecha_validar": "2026-02-24T01:09:52.088Z",
    "fecha_impresion": "2026-02-24T01:10:02.707Z",
    "fecha_reporte": "2026-02-24T01:10:06.474Z",
    "fecha_auditada": "2026-02-24T01:10:37.623Z",
    "invalidar": null,
    "registrada_por": "Analista",
    "validar": "Analista",
    "imprimir": "Analista",
    "reportar": "Analista",
    "auditar": "Auditor"
  }
},
{
  "model": "Secuencias.secuencias",
  "pk": 76,
  "fields": {
    "nombre": "seq260101-1",
    "fecha_Inicio": "2026-01-03T01:09:00Z",
    "fecha_Final": null,
    "protocolo": 10,
    "protocolo_proceso": null,
    "sistema": 5,
    "status": "Auditada",
    "invalidar_Secuencia": null,
    "condicion": "Activo",
    "observaciones": "Ninguna",
    "parametro_sq": 5,
    "metodo": null,
    "muestras": null,
    "fecha_invalidar": null,
    "fecha_configuracion_protocolo_metodo": "0001-01-01T04:56:16Z",
    "fecha_configuracion_protocolo_proceso": "2026-02-24T00:23:45Z",
    "fecha_registro": "2026-02-24T01:09:38.219Z",
    "fecha_validar": "2026-02-24T01:09:52.088Z",
    "fecha_impresion": "2026-02-24T01:10:03.212Z",
    "fecha_reporte": "2026-02-24T01:10:06.990Z",
    "fecha_auditada": "2026-02-24T01:10:38.857Z",
    "invalidar": null,
    "registrada_por": "Analista",
    "validar": "Analista",
    "imprimir": "Analista",
    "reportar": "Analista",
    "auditar": "Auditor"
  }
},
{
  "model": "Secuencias.secuencias",
  "pk": 77,
  "fields": {
    "nombre": "seq260101-1",
    "fecha_Inicio": "2026-01-03T01:09:00Z",
    "fecha_Final": null,
    "protocolo": 10,
    "protocolo_proceso": null,
    "sistema": 5,
    "status": "Auditada",
    "invalidar_Secuencia": null,
    "condicion": "Activo",
    "observaciones": "Ninguna",
    "parametro_sq": 6,
    "metodo": null,
    "muestras": null,
    "fecha_invalidar": null,
    "fecha_configuracion_protocolo_metodo": "0001-01-01T04:56:16Z",
    "fecha_configuracion_protocolo_proceso": "2026-02-24T00:23:45Z",
    "fecha_registro": "2026-02-24T01:09:38.219Z",
    "fecha_validar": "2026-02-24T01:09:52.088Z",
    "fecha_impresion": "2026-02-24T01:10:03.776Z",
    "fecha_reporte": "2026-02-24T01:10:07.490Z",
    "fecha_auditada": "2026-02-24T01:10:39.296Z",
    "invalidar": null,
    "registrada_por": "Analista",
    "validar": "Analista",
    "imprimir": "Analista",
    "reportar": "Analista",
    "auditar": "Auditor"
  }
},
{
  "model": "Secuencias.secuencias",
  "pk": 78,
  "fields": {
    "nombre": "seq260101-1",
    "fecha_Inicio": "2026-01-03T01:09:00Z",
    "fecha_Final": null,
    "protocolo": 10,
    "protocolo_proceso": null,
    "sistema": 5,
    "status": "Auditada",
    "invalidar_Secuencia": null,
    "condicion": "Activo",
    "observaciones": "Ninguna",
    "parametro_sq": 7,
    "metodo": null,
    "muestras": null,
    "fecha_invalidar": null,
    "fecha_configuracion_protocolo_metodo": "0001-01-01T04:56:16Z",
    "fecha_configuracion_protocolo_proceso": "2026-02-24T00:23:45Z",
    "fecha_registro": "2026-02-24T01:09:38.219Z",
    "fecha_validar": "2026-02-24T01:09:52.088Z",
    "fecha_impresion": "2026-02-24T01:10:04.308Z",
    "fecha_reporte": "2026-02-24T01:10:07.995Z",
    "fecha_auditada": "2026-02-24T01:10:39.924Z",
    "invalidar": null,
    "registrada_por": "Analista",
    "validar": "Analista",
    "imprimir": "Analista",
    "reportar": "Analista",
    "auditar": "Auditor"
  }
},
{
  "model": "Secuencias.secuencias",
  "pk": 79,
  "fields": {
    "nombre": "seq260101-1",
    "fecha_Inicio": "2026-01-03T01:09:00Z",
    "fecha_Final": null,
    "protocolo": 10,
    "protocolo_proceso": null,
    "sistema": 5,
    "status": "Auditada",
    "invalidar_Secuencia": null,
    "condicion": "Activo",
    "observaciones": "Ninguna",
    "parametro_sq": 8,
    "metodo": null,
    "muestras": null,
    "fecha_invalidar": null,
    "fecha_configuracion_protocolo_metodo": "0001-01-01T04:56:16Z",
    "fecha_configuracion_protocolo_proceso": "2026-02-24T00:23:45Z",
    "fecha_registro": "2026-02-24T01:09:38.219Z",
    "fecha_validar": "2026-02-24T01:09:52.088Z",
    "fecha_impresion": "2026-02-24T01:10:04.849Z",
    "fecha_reporte": "2026-02-24T01:10:08.540Z",
    "fecha_auditada": "2026-02-24T01:10:41.861Z",
    "invalidar": null,
    "registrada_por": "Analista",
    "validar": "Analista",
    "imprimir": "Analista",
    "reportar": "Analista",
    "auditar": "Auditor"
  }
},
{
  "model": "Secuencias.secuencias",
  "pk": 80,
  "fields": {
    "nombre": "seq260101-2",
    "fecha_Inicio": "2026-01-04T01:12:00Z",
    "fecha_Final": null,
    "protocolo": 10,
    "protocolo_proceso": null,
    "sistema": 5,
    "status": "Auditada",
    "invalidar_Secuencia": null,
    "condicion": "Activo",
    "observaciones": "Ninguna",
    "parametro_sq": 9,
    "metodo": null,
    "muestras": null,
    "fecha_invalidar": null,
    "fecha_configuracion_protocolo_metodo": "0001-01-01T04:56:16Z",
    "fecha_configuracion_protocolo_proceso": "2026-02-24T01:12:00Z",
    "fecha_registro": "2026-02-24T01:12:43.891Z",
    "fecha_validar": "2026-02-24T01:12:53.662Z",
    "fecha_impresion": "2026-02-24T01:13:07.870Z",
    "fecha_reporte": "2026-02-24T01:13:09.923Z",
    "fecha_auditada": "2026-02-24T01:13:40.903Z",
    "invalidar": null,
    "registrada_por": "Analista",
    "validar": "Analista",
    "imprimir": "Analista",
    "reportar": "Analista",
    "auditar": "Auditor"
  }
},
{
  "model": "Secuencias.secuencias",
  "pk": 81,
  "fields": {
    "nombre": "seq2601113",
    "fecha_Inicio": "2026-02-06T02:18:00Z",
    "fecha_Final": null,
    "protocolo": null,
    "protocolo_proceso": 4,
    "sistema": 5,
    "status": "Auditada",
    "invalidar_Secuencia": null,
    "condicion": "Activo",
    "observaciones": "Ninguna",
    "parametro_sq": null,
    "metodo": null,
    "muestras": 22,
    "fecha_invalidar": null,
    "fecha_configuracion_protocolo_metodo": "2026-02-24T02:17:45Z",
    "fecha_configuracion_protocolo_proceso": "0001-01-01T04:56:16Z",
    "fecha_registro": "2026-02-24T02:19:14.662Z",
    "fecha_validar": "2026-02-24T02:19:31.169Z",
    "fecha_impresion": "2026-02-24T02:20:22.645Z",
    "fecha_reporte": "2026-02-24T02:22:11.962Z",
    "fecha_auditada": "2026-02-24T02:23:17.812Z",
    "invalidar": null,
    "registrada_por": "Analista",
    "validar": "Analista",
    "imprimir": "Analista",
    "reportar": "Analista",
    "auditar": "Auditor"
  }
},
{
  "model": "Secuencias.secuencias",
  "pk": 82,
  "fields": {
    "nombre": "seq2601113",
    "fecha_Inicio": "2026-02-06T02:18:00Z",
    "fecha_Final": null,
    "protocolo": null,
    "protocolo_proceso": 4,
    "sistema": 5,
    "status": "Auditada",
    "invalidar_Secuencia": null,
    "condicion": "Activo",
    "observaciones": "Ninguna",
    "parametro_sq": null,
    "metodo": null,
    "muestras": 23,
    "fecha_invalidar": null,
    "fecha_configuracion_protocolo_metodo": "2026-02-24T02:17:45Z",
    "fecha_configuracion_protocolo_proceso": "0001-01-01T04:56:16Z",
    "fecha_registro": "2026-02-24T02:19:14.662Z",
    "fecha_validar": "2026-02-24T02:19:31.169Z",
    "fecha_impresion": "2026-02-24T02:20:21.744Z",
    "fecha_reporte": "2026-02-24T02:22:12.493Z",
    "fecha_auditada": "2026-02-24T02:23:18.350Z",
    "invalidar": null,
    "registrada_por": "Analista",
    "validar": "Analista",
    "imprimir": "Analista",
    "reportar": "Analista",
    "auditar": "Auditor"
  }
},
{
  "model": "Secuencias.secuencias",
  "pk": 83,
  "fields": {
    "nombre": "seq2601113",
    "fecha_Inicio": "2026-02-06T02:18:00Z",
    "fecha_Final": null,
    "protocolo": null,
    "protocolo_proceso": 4,
    "sistema": 5,
    "status": "Auditada",
    "invalidar_Secuencia": null,
    "condicion": "Activo",
    "observaciones": "Ninguna",
    "parametro_sq": null,
    "metodo": null,
    "muestras": 24,
    "fecha_invalidar": null,
    "fecha_configuracion_protocolo_metodo": "2026-02-24T02:17:45Z",
    "fecha_configuracion_protocolo_proceso": "0001-01-01T04:56:16Z",
    "fecha_registro": "2026-02-24T02:19:14.662Z",
    "fecha_validar": "2026-02-24T02:19:31.169Z",
    "fecha_impresion": "2026-02-24T02:20:21.077Z",
    "fecha_reporte": "2026-02-24T02:21:11.448Z",
    "fecha_auditada": "2026-02-24T02:23:18.915Z",
    "invalidar": null,
    "registrada_por": "Analista",
    "validar": "Analista",
    "imprimir": "Analista",
    "reportar": "Analista",
    "auditar": "Auditor"
  }
},
{
  "model": "Secuencias.secuencias",
  "pk": 84,
  "fields": {
    "nombre": "seq2601113",
    "fecha_Inicio": "2026-02-06T02:18:00Z",
    "fecha_Final": null,
    "protocolo": null,
    "protocolo_proceso": 4,
    "sistema": 5,
    "status": "Auditada",
    "invalidar_Secuencia": null,
    "condicion": "Activo",
    "observaciones": "Ninguna",
    "parametro_sq": null,
    "metodo": null,
    "muestras": 25,
    "fecha_invalidar": null,
    "fecha_configuracion_protocolo_metodo": "2026-02-24T02:17:45Z",
    "fecha_configuracion_protocolo_proceso": "0001-01-01T04:56:16Z",
    "fecha_registro": "2026-02-24T02:19:14.662Z",
    "fecha_validar": "2026-02-24T02:19:31.169Z",
    "fecha_impresion": "2026-02-24T02:20:20.459Z",
    "fecha_reporte": "2026-02-24T02:21:11.983Z",
    "fecha_auditada": "2026-02-24T02:23:19.503Z",
    "invalidar": null,
    "registrada_por": "Analista",
    "validar": "Analista",
    "imprimir": "Analista",
    "reportar": "Analista",
    "auditar": "Auditor"
  }
},
{
  "model": "Secuencias.secuencias",
  "pk": 85,
  "fields": {
    "nombre": "seq2601113",
    "fecha_Inicio": "2026-02-06T02:18:00Z",
    "fecha_Final": null,
    "protocolo": null,
    "protocolo_proceso": 4,
    "sistema": 5,
    "status": "Auditada",
    "invalidar_Secuencia": null,
    "condicion": "Activo",
    "observaciones": "Ninguna",
    "parametro_sq": null,
    "metodo": null,
    "muestras": 27,
    "fecha_invalidar": null,
    "fecha_configuracion_protocolo_metodo": "2026-02-24T02:17:45Z",
    "fecha_configuracion_protocolo_proceso": "0001-01-01T04:56:16Z",
    "fecha_registro": "2026-02-24T02:19:14.662Z",
    "fecha_validar": "2026-02-24T02:19:31.169Z",
    "fecha_impresion": "2026-02-24T02:20:19.866Z",
    "fecha_reporte": "2026-02-24T02:21:12.561Z",
    "fecha_auditada": "2026-02-24T02:23:20.292Z",
    "invalidar": null,
    "registrada_por": "Analista",
    "validar": "Analista",
    "imprimir": "Analista",
    "reportar": "Analista",
    "auditar": "Auditor"
  }
},
{
  "model": "Secuencias.secuencias",
  "pk": 86,
  "fields": {
    "nombre": "seq2601113",
    "fecha_Inicio": "2026-02-06T02:18:00Z",
    "fecha_Final": null,
    "protocolo": null,
    "protocolo_proceso": 4,
    "sistema": 5,
    "status": "Auditada",
    "invalidar_Secuencia": null,
    "condicion": "Activo",
    "observaciones": "Ninguna",
    "parametro_sq": null,
    "metodo": null,
    "muestras": 30,
    "fecha_invalidar": null,
    "fecha_configuracion_protocolo_metodo": "2026-02-24T02:17:45Z",
    "fecha_configuracion_protocolo_proceso": "0001-01-01T04:56:16Z",
    "fecha_registro": "2026-02-24T02:19:14.662Z",
    "fecha_validar": "2026-02-24T02:19:31.169Z",
    "fecha_impresion": "2026-02-24T02:20:25.726Z",
    "fecha_reporte": "2026-02-24T02:20:29.195Z",
    "fecha_auditada": "2026-02-24T02:23:20.859Z",
    "invalidar": null,
    "registrada_por": "Analista",
    "validar": "Analista",
    "imprimir": "Analista",
    "reportar": "Analista",
    "auditar": "Auditor"
  }
},
{
  "model": "Secuencias.secuencias",
  "pk": 87,
  "fields": {
    "nombre": "seq260116",
    "fecha_Inicio": "2026-02-07T02:40:00Z",
    "fecha_Final": null,
    "protocolo": null,
    "protocolo_proceso": 1,
    "sistema": 2,
    "status": "Impresa",
    "invalidar_Secuencia": null,
    "condicion": "Activo",
    "observaciones": "Ninguna",
    "parametro_sq": null,
    "metodo": null,
    "muestras": 4,
    "fecha_invalidar": null,
    "fecha_configuracion_protocolo_metodo": "2026-02-24T02:40:19Z",
    "fecha_configuracion_protocolo_proceso": "0001-01-01T04:56:16Z",
    "fecha_registro": "2026-02-24T02:40:53.593Z",
    "fecha_validar": "2026-02-24T02:41:24.607Z",
    "fecha_impresion": "2026-02-24T02:41:46.593Z",
    "fecha_reporte": null,
    "fecha_auditada": null,
    "invalidar": null,
    "registrada_por": "Analista",
    "validar": "Analista",
    "imprimir": "Analista",
    "reportar": null,
    "auditar": null
  }
},
{
  "model": "Secuencias.secuencias",
  "pk": 88,
  "fields": {
    "nombre": "seq260116",
    "fecha_Inicio": "2026-02-07T02:40:00Z",
    "fecha_Final": null,
    "protocolo": null,
    "protocolo_proceso": 1,
    "sistema": 2,
    "status": "Revisada",
    "invalidar_Secuencia": null,
    "condicion": "Activo",
    "observaciones": "Ninguna",
    "parametro_sq": null,
    "metodo": null,
    "muestras": 5,
    "fecha_invalidar": null,
    "fecha_configuracion_protocolo_metodo": "2026-02-24T02:40:19Z",
    "fecha_configuracion_protocolo_proceso": "0001-01-01T04:56:16Z",
    "fecha_registro": "2026-02-24T02:40:53.593Z",
    "fecha_validar": "2026-02-24T02:41:24.607Z",
    "fecha_impresion": null,
    "fecha_reporte": null,
    "fecha_auditada": null,
    "invalidar": null,
    "registrada_por": "Analista",
    "validar": "Analista",
    "imprimir": null,
    "reportar": null,
    "auditar": null
  }
},
{
  "model": "Secuencias.secuencias",
  "pk": 89,
  "fields": {
    "nombre": "seq260116",
    "fecha_Inicio": "2026-02-07T02:40:00Z",
    "fecha_Final": null,
    "protocolo": null,
    "protocolo_proceso": 1,
    "sistema": 2,
    "status": "Reportada",
    "invalidar_Secuencia": null,
    "condicion": "Activo",
    "observaciones": "Ninguna",
    "parametro_sq": null,
    "metodo": null,
    "muestras": 6,
    "fecha_invalidar": null,
    "fecha_configuracion_protocolo_metodo": "2026-02-24T02:40:19Z",
    "fecha_configuracion_protocolo_proceso": "0001-01-01T04:56:16Z",
    "fecha_registro": "2026-02-24T02:40:53.593Z",
    "fecha_validar": "2026-02-24T02:41:24.607Z",
    "fecha_impresion": "2026-02-24T02:41:47.176Z",
    "fecha_reporte": "2026-02-24T02:41:51.941Z",
    "fecha_auditada": null,
    "invalidar": null,
    "registrada_por": "Analista",
    "validar": "Analista",
    "imprimir": "Analista",
    "reportar": "Analista",
    "auditar": null
  }
},
{
  "model": "Secuencias.secuencias",
  "pk": 90,
  "fields": {
    "nombre": "seq260116",
    "fecha_Inicio": "2026-02-07T02:40:00Z",
    "fecha_Final": null,
    "protocolo": null,
    "protocolo_proceso": 1,
    "sistema": 2,
    "status": "Impresa",
    "invalidar_Secuencia": null,
    "condicion": "Activo",
    "observaciones": "Ninguna",
    "parametro_sq": null,
    "metodo": null,
    "muestras": 7,
    "fecha_invalidar": null,
    "fecha_configuracion_protocolo_metodo": "2026-02-24T02:40:19Z",
    "fecha_configuracion_protocolo_proceso": "0001-01-01T04:56:16Z",
    "fecha_registro": "2026-02-24T02:40:53.593Z",
    "fecha_validar": "2026-02-24T02:41:24.607Z",
    "fecha_impresion": "2026-02-24T02:41:47.909Z",
    "fecha_reporte": null,
    "fecha_auditada": null,
    "invalidar": null,
    "registrada_por": "Analista",
    "validar": "Analista",
    "imprimir": "Analista",
    "reportar": null,
    "auditar": null
  }
},
{
  "model": "Secuencias.secuencias",
  "pk": 91,
  "fields": {
    "nombre": "seq260116",
    "fecha_Inicio": "2026-02-07T02:40:00Z",
    "fecha_Final": null,
    "protocolo": null,
    "protocolo_proceso": 1,
    "sistema": 2,
    "status": "Impresa",
    "invalidar_Secuencia": null,
    "condicion": "Activo",
    "observaciones": "Ninguna",
    "parametro_sq": null,
    "metodo": null,
    "muestras": 8,
    "fecha_invalidar": null,
    "fecha_configuracion_protocolo_metodo": "2026-02-24T02:40:19Z",
    "fecha_configuracion_protocolo_proceso": "0001-01-01T04:56:16Z",
    "fecha_registro": "2026-02-24T02:40:53.593Z",
    "fecha_validar": "2026-02-24T02:41:24.607Z",
    "fecha_impresion": "2026-02-24T02:41:48.575Z",
    "fecha_reporte": null,
    "fecha_auditada": null,
    "invalidar": null,
    "registrada_por": "Analista",
    "validar": "Analista",
    "imprimir": "Analista",
    "reportar": null,
    "auditar": null
  }
},
{
  "model": "Secuencias.secuencias",
  "pk": 92,
  "fields": {
    "nombre": "seq260116",
    "fecha_Inicio": "2026-02-07T02:40:00Z",
    "fecha_Final": null,
    "protocolo": null,
    "protocolo_proceso": 1,
    "sistema": 2,
    "status": "Revisada",
    "invalidar_Secuencia": null,
    "condicion": "Activo",
    "observaciones": "Ninguna",
    "parametro_sq": null,
    "metodo": null,
    "muestras": 9,
    "fecha_invalidar": null,
    "fecha_configuracion_protocolo_metodo": "2026-02-24T02:40:19Z",
    "fecha_configuracion_protocolo_proceso": "0001-01-01T04:56:16Z",
    "fecha_registro": "2026-02-24T02:40:53.593Z",
    "fecha_validar": "2026-02-24T02:41:24.607Z",
    "fecha_impresion": null,
    "fecha_reporte": null,
    "fecha_auditada": null,
    "invalidar": null,
    "registrada_por": "Analista",
    "validar": "Analista",
    "imprimir": null,
    "reportar": null,
    "auditar": null
  }
},
{
  "model": "Secuencias.secuencias",
  "pk": 93,
  "fields": {
    "nombre": "seq260116",
    "fecha_Inicio": "2026-02-07T02:40:00Z",
    "fecha_Final": null,
    "protocolo": null,
    "protocolo_proceso": 1,
    "sistema": 2,
    "status": "Reportada",
    "invalidar_Secuencia": null,
    "condicion": "Activo",
    "observaciones": "Ninguna",
    "parametro_sq": null,
    "metodo": null,
    "muestras": 10,
    "fecha_invalidar": null,
    "fecha_configuracion_protocolo_metodo": "2026-02-24T02:40:19Z",
    "fecha_configuracion_protocolo_proceso": "0001-01-01T04:56:16Z",
    "fecha_registro": "2026-02-24T02:40:53.593Z",
    "fecha_validar": "2026-02-24T02:41:24.607Z",
    "fecha_impresion": "2026-02-24T02:41:49.349Z",
    "fecha_reporte": "2026-02-24T02:41:58.100Z",
    "fecha_auditada": null,
    "invalidar": null,
    "registrada_por": "Analista",
    "validar": "Analista",
    "imprimir": "Analista",
    "reportar": "Analista",
    "auditar": null
  }
},
{
  "model": "Secuencias.secuencias",
  "pk": 94,
  "fields": {
    "nombre": "seq260116",
    "fecha_Inicio": "2026-02-07T02:40:00Z",
    "fecha_Final": null,
    "protocolo": null,
    "protocolo_proceso": 1,
    "sistema": 2,
    "status": "Reportada",
    "invalidar_Secuencia": null,
    "condicion": "Activo",
    "observaciones": "Ninguna",
    "parametro_sq": null,
    "metodo": null,
    "muestras": 11,
    "fecha_invalidar": null,
    "fecha_configuracion_protocolo_metodo": "2026-02-24T02:40:19Z",
    "fecha_configuracion_protocolo_proceso": "0001-01-01T04:56:16Z",
    "fecha_registro": "2026-02-24T02:40:53.593Z",
    "fecha_validar": "2026-02-24T02:41:24.607Z",
    "fecha_impresion": "2026-02-24T02:41:49.927Z",
    "fecha_reporte": "2026-02-24T02:41:53.758Z",
    "fecha_auditada": null,
    "invalidar": null,
    "registrada_por": "Analista",
    "validar": "Analista",
    "imprimir": "Analista",
    "reportar": "Analista",
    "auditar": null
  }
},
{
  "model": "Secuencias.secuencias",
  "pk": 95,
  "fields": {
    "nombre": "seq260116",
    "fecha_Inicio": "2026-02-07T02:40:00Z",
    "fecha_Final": null,
    "protocolo": null,
    "protocolo_proceso": 1,
    "sistema": 2,
    "status": "Registrada",
    "invalidar_Secuencia": null,
    "condicion": "Activo",
    "observaciones": "Ninguna",
    "parametro_sq": null,
    "metodo": null,
    "muestras": 12,
    "fecha_invalidar": null,
    "fecha_configuracion_protocolo_metodo": "2026-02-24T02:40:19Z",
    "fecha_configuracion_protocolo_proceso": "0001-01-01T04:56:16Z",
    "fecha_registro": "2026-02-24T02:40:53.593Z",
    "fecha_validar": null,
    "fecha_impresion": null,
    "fecha_reporte": null,
    "fecha_auditada": null,
    "invalidar": null,
    "registrada_por": "Analista",
    "validar": null,
    "imprimir": null,
    "reportar": null,
    "auditar": null
  }
},
{
  "model": "Secuencias.secuencias",
  "pk": 96,
  "fields": {
    "nombre": "seq260117",
    "fecha_Inicio": "2026-02-13T02:46:00Z",
    "fecha_Final": null,
    "protocolo": null,
    "protocolo_proceso": 2,
    "sistema": 5,
    "status": "Auditada",
    "invalidar_Secuencia": null,
    "condicion": "Activo",
    "observaciones": "Ninguna",
    "parametro_sq": null,
    "metodo": null,
    "muestras": 22,
    "fecha_invalidar": null,
    "fecha_configuracion_protocolo_metodo": "2026-02-24T02:46:11Z",
    "fecha_configuracion_protocolo_proceso": "0001-01-01T04:56:16Z",
    "fecha_registro": "2026-02-24T02:46:57.753Z",
    "fecha_validar": "2026-02-24T02:47:24.264Z",
    "fecha_impresion": "2026-02-24T02:47:40.976Z",
    "fecha_reporte": "2026-02-24T02:47:46.440Z",
    "fecha_auditada": "2026-02-24T02:48:09.716Z",
    "invalidar": null,
    "registrada_por": "Analista",
    "validar": "Analista",
    "imprimir": "Analista",
    "reportar": "Analista",
    "auditar": "Auditor"
  }
},
{
  "model": "Secuencias.secuencias",
  "pk": 97,
  "fields": {
    "nombre": "seq260117",
    "fecha_Inicio": "2026-02-13T02:46:00Z",
    "fecha_Final": null,
    "protocolo": null,
    "protocolo_proceso": 2,
    "sistema": 5,
    "status": "Auditada",
    "invalidar_Secuencia": null,
    "condicion": "Activo",
    "observaciones": "Ninguna",
    "parametro_sq": null,
    "metodo": null,
    "muestras": 23,
    "fecha_invalidar": null,
    "fecha_configuracion_protocolo_metodo": "2026-02-24T02:46:11Z",
    "fecha_configuracion_protocolo_proceso": "0001-01-01T04:56:16Z",
    "fecha_registro": "2026-02-24T02:46:57.753Z",
    "fecha_validar": "2026-02-24T02:47:24.264Z",
    "fecha_impresion": "2026-02-24T02:47:41.431Z",
    "fecha_reporte": "2026-02-24T02:47:46.877Z",
    "fecha_auditada": "2026-02-24T02:48:10.191Z",
    "invalidar": null,
    "registrada_por": "Analista",
    "validar": "Analista",
    "imprimir": "Analista",
    "reportar": "Analista",
    "auditar": "Auditor"
  }
},
{
  "model": "Secuencias.secuencias",
  "pk": 98,
  "fields": {
    "nombre": "seq260117",
    "fecha_Inicio": "2026-02-13T02:46:00Z",
    "fecha_Final": null,
    "protocolo": null,
    "protocolo_proceso": 2,
    "sistema": 5,
    "status": "Auditada",
    "invalidar_Secuencia": null,
    "condicion": "Activo",
    "observaciones": "Ninguna",
    "parametro_sq": null,
    "metodo": null,
    "muestras": 24,
    "fecha_invalidar": null,
    "fecha_configuracion_protocolo_metodo": "2026-02-24T02:46:11Z",
    "fecha_configuracion_protocolo_proceso": "0001-01-01T04:56:16Z",
    "fecha_registro": "2026-02-24T02:46:57.753Z",
    "fecha_validar": "2026-02-24T02:47:24.264Z",
    "fecha_impresion": "2026-02-24T02:47:41.909Z",
    "fecha_reporte": "2026-02-24T02:47:47.391Z",
    "fecha_auditada": "2026-02-24T02:48:10.658Z",
    "invalidar": null,
    "registrada_por": "Analista",
    "validar": "Analista",
    "imprimir": "Analista",
    "reportar": "Analista",
    "auditar": "Auditor"
  }
},
{
  "model": "Secuencias.secuencias",
  "pk": 99,
  "fields": {
    "nombre": "seq260117",
    "fecha_Inicio": "2026-02-13T02:46:00Z",
    "fecha_Final": null,
    "protocolo": null,
    "protocolo_proceso": 2,
    "sistema": 5,
    "status": "Auditada",
    "invalidar_Secuencia": null,
    "condicion": "Activo",
    "observaciones": "Ninguna",
    "parametro_sq": null,
    "metodo": null,
    "muestras": 25,
    "fecha_invalidar": null,
    "fecha_configuracion_protocolo_metodo": "2026-02-24T02:46:11Z",
    "fecha_configuracion_protocolo_proceso": "0001-01-01T04:56:16Z",
    "fecha_registro": "2026-02-24T02:46:57.753Z",
    "fecha_validar": "2026-02-24T02:47:24.264Z",
    "fecha_impresion": "2026-02-24T02:47:42.388Z",
    "fecha_reporte": "2026-02-24T02:47:47.966Z",
    "fecha_auditada": "2026-02-24T02:48:11.141Z",
    "invalidar": null,
    "registrada_por": "Analista",
    "validar": "Analista",
    "imprimir": "Analista",
    "reportar": "Analista",
    "auditar": "Auditor"
  }
},
{
  "model": "Secuencias.secuencias",
  "pk": 100,
  "fields": {
    "nombre": "seq260117",
    "fecha_Inicio": "2026-02-13T02:46:00Z",
    "fecha_Final": null,
    "protocolo": null,
    "protocolo_proceso": 2,
    "sistema": 5,
    "status": "Auditada",
    "invalidar_Secuencia": null,
    "condicion": "Activo",
    "observaciones": "Ninguna",
    "parametro_sq": null,
    "metodo": null,
    "muestras": 26,
    "fecha_invalidar": null,
    "fecha_configuracion_protocolo_metodo": "2026-02-24T02:46:11Z",
    "fecha_configuracion_protocolo_proceso": "0001-01-01T04:56:16Z",
    "fecha_registro": "2026-02-24T02:46:57.753Z",
    "fecha_validar": "2026-02-24T02:47:24.264Z",
    "fecha_impresion": "2026-02-24T02:47:42.858Z",
    "fecha_reporte": "2026-02-24T02:47:48.475Z",
    "fecha_auditada": "2026-02-24T02:48:11.583Z",
    "invalidar": null,
    "registrada_por": "Analista",
    "validar": "Analista",
    "imprimir": "Analista",
    "reportar": "Analista",
    "auditar": "Auditor"
  }
},
{
  "model": "Secuencias.secuencias",
  "pk": 101,
  "fields": {
    "nombre": "seq260117",
    "fecha_Inicio": "2026-02-13T02:46:00Z",
    "fecha_Final": null,
    "protocolo": null,
    "protocolo_proceso": 2,
    "sistema": 5,
    "status": "Auditada",
    "invalidar_Secuencia": null,
    "condicion": "Activo",
    "observaciones": "Ninguna",
    "parametro_sq": null,
    "metodo": null,
    "muestras": 27,
    "fecha_invalidar": null,
    "fecha_configuracion_protocolo_metodo": "2026-02-24T02:46:11Z",
    "fecha_configuracion_protocolo_proceso": "0001-01-01T04:56:16Z",
    "fecha_registro": "2026-02-24T02:46:57.753Z",
    "fecha_validar": "2026-02-24T02:47:24.264Z",
    "fecha_impresion": "2026-02-24T02:47:43.342Z",
    "fecha_reporte": "2026-02-24T02:47:48.909Z",
    "fecha_auditada": "2026-02-24T02:48:12.036Z",
    "invalidar": null,
    "registrada_por": "Analista",
    "validar": "Analista",
    "imprimir": "Analista",
    "reportar": "Analista",
    "auditar": "Auditor"
  }
},
{
  "model": "Secuencias.secuencias",
  "pk": 102,
  "fields": {
    "nombre": "seq260117",
    "fecha_Inicio": "2026-02-13T02:46:00Z",
    "fecha_Final": null,
    "protocolo": null,
    "protocolo_proceso": 2,
    "sistema": 5,
    "status": "Auditada",
    "invalidar_Secuencia": null,
    "condicion": "Activo",
    "observaciones": "Ninguna",
    "parametro_sq": null,
    "metodo": null,
    "muestras": 28,
    "fecha_invalidar": null,
    "fecha_configuracion_protocolo_metodo": "2026-02-24T02:46:11Z",
    "fecha_configuracion_protocolo_proceso": "0001-01-01T04:56:16Z",
    "fecha_registro": "2026-02-24T02:46:57.753Z",
    "fecha_validar": "2026-02-24T02:47:24.264Z",
    "fecha_impresion": "2026-02-24T02:47:43.797Z",
    "fecha_reporte": "2026-02-24T02:47:49.378Z",
    "fecha_auditada": "2026-02-24T02:48:12.510Z",
    "invalidar": null,
    "registrada_por": "Analista",
    "validar": "Analista",
    "imprimir": "Analista",
    "reportar": "Analista",
    "auditar": "Auditor"
  }
},
{
  "model": "Secuencias.secuencias",
  "pk": 103,
  "fields": {
    "nombre": "seq260117",
    "fecha_Inicio": "2026-02-13T02:46:00Z",
    "fecha_Final": null,
    "protocolo": null,
    "protocolo_proceso": 2,
    "sistema": 5,
    "status": "Auditada",
    "invalidar_Secuencia": null,
    "condicion": "Activo",
    "observaciones": "Ninguna",
    "parametro_sq": null,
    "metodo": null,
    "muestras": 29,
    "fecha_invalidar": null,
    "fecha_configuracion_protocolo_metodo": "2026-02-24T02:46:11Z",
    "fecha_configuracion_protocolo_proceso": "0001-01-01T04:56:16Z",
    "fecha_registro": "2026-02-24T02:46:57.753Z",
    "fecha_validar": "2026-02-24T02:47:24.264Z",
    "fecha_impresion": "2026-02-24T02:47:44.310Z",
    "fecha_reporte": "2026-02-24T02:47:49.908Z",
    "fecha_auditada": "2026-02-24T02:48:12.958Z",
    "invalidar": null,
    "registrada_por": "Analista",
    "validar": "Analista",
    "imprimir": "Analista",
    "reportar": "Analista",
    "auditar": "Auditor"
  }
},
{
  "model": "Secuencias.secuencias",
  "pk": 104,
  "fields": {
    "nombre": "seq260117",
    "fecha_Inicio": "2026-02-13T02:46:00Z",
    "fecha_Final": null,
    "protocolo": null,
    "protocolo_proceso": 2,
    "sistema": 5,
    "status": "Auditada",
    "invalidar_Secuencia": null,
    "condicion": "Activo",
    "observaciones": "Ninguna",
    "parametro_sq": null,
    "metodo": null,
    "muestras": 30,
    "fecha_invalidar": null,
    "fecha_configuracion_protocolo_metodo": "2026-02-24T02:46:11Z",
    "fecha_configuracion_protocolo_proceso": "0001-01-01T04:56:16Z",
    "fecha_registro": "2026-02-24T02:46:57.753Z",
    "fecha_validar": "2026-02-24T02:47:24.264Z",
    "fecha_impresion": "2026-02-24T02:47:44.875Z",
    "fecha_reporte": "2026-02-24T02:47:50.442Z",
    "fecha_auditada": "2026-02-24T02:48:13.362Z",
    "invalidar": null,
    "registrada_por": "Analista",
    "validar": "Analista",
    "imprimir": "Analista",
    "reportar": "Analista",
    "auditar": "Auditor"
  }
},
{
  "model": "Secuencias.lavado_buzo",
  "pk": 1,
  "fields": {
    "sistema": 1,
    "fecha_lavado_buzo": "2025-08-08",
    "fecha_lavado_celda": "2025-09-23",
    "fecha_test_diagnostico": "2025-09-17",
    "fecha_mantenimiento": "2026-01-23",
    "fecha_calificacion": "2026-01-08",
    "fecha_alerta_inferior": "2025-08-05",
    "fecha_alerta_superior": "2025-08-11",
    "fecha_alerta_inferior_celda": "2025-09-20",
    "fecha_alerta_superior_celda": "2025-09-26",
    "fecha_alerta_inferior_test": "2025-09-14",
    "fecha_alerta_superior_test": "2025-09-20",
    "fecha_alerta_inferior_mantenimiento": "2025-12-23",
    "fecha_alerta_superior_mantenimiento": "2026-02-23",
    "fecha_alerta_inferior_calificacion": "2025-12-08",
    "fecha_alerta_superior_calificacion": "2026-02-08",
    "condicion": "Activo",
    "status": "Programado",
    "status_celda": "Programado",
    "status_test": "Programado",
    "status_mantenimiento": "Programado",
    "status_calificacion": "Programado",
    "realizado_por": null,
    "realizado_por_celda": null,
    "realizado_por_test": null,
    "realizado_por_mantenimiento": null,
    "realizado_por_calificacion": null,
    "observaciones": "Ninguna"
  }
},
{
  "model": "Secuencias.lavado_buzo",
  "pk": 2,
  "fields": {
    "sistema": 2,
    "fecha_lavado_buzo": "2026-02-23",
    "fecha_lavado_celda": "2026-02-23",
    "fecha_test_diagnostico": "2026-02-23",
    "fecha_mantenimiento": "2026-02-23",
    "fecha_calificacion": "2026-02-23",
    "fecha_alerta_inferior": "2026-02-20",
    "fecha_alerta_superior": "2026-02-26",
    "fecha_alerta_inferior_celda": "2026-02-20",
    "fecha_alerta_superior_celda": "2026-02-26",
    "fecha_alerta_inferior_test": "2026-02-20",
    "fecha_alerta_superior_test": "2026-02-26",
    "fecha_alerta_inferior_mantenimiento": "2026-01-23",
    "fecha_alerta_superior_mantenimiento": "2026-03-23",
    "fecha_alerta_inferior_calificacion": "2026-01-23",
    "fecha_alerta_superior_calificacion": "2026-03-23",
    "condicion": "Activo",
    "status": "Programado",
    "status_celda": "Programado",
    "status_test": "Programado",
    "status_mantenimiento": "Programado",
    "status_calificacion": "Programado",
    "realizado_por": null,
    "realizado_por_celda": null,
    "realizado_por_test": null,
    "realizado_por_mantenimiento": null,
    "realizado_por_calificacion": null,
    "observaciones": "Ninguna"
  }
},
{
  "model": "Secuencias.lavado_buzo",
  "pk": 3,
  "fields": {
    "sistema": 3,
    "fecha_lavado_buzo": "2026-03-05",
    "fecha_lavado_celda": "2026-03-05",
    "fecha_test_diagnostico": "2026-02-25",
    "fecha_mantenimiento": "2026-04-03",
    "fecha_calificacion": "2026-04-17",
    "fecha_alerta_inferior": "2026-03-02",
    "fecha_alerta_superior": "2026-03-08",
    "fecha_alerta_inferior_celda": "2026-03-02",
    "fecha_alerta_superior_celda": "2026-03-08",
    "fecha_alerta_inferior_test": "2026-02-22",
    "fecha_alerta_superior_test": "2026-02-28",
    "fecha_alerta_inferior_mantenimiento": "2026-03-03",
    "fecha_alerta_superior_mantenimiento": "2026-05-03",
    "fecha_alerta_inferior_calificacion": "2026-03-17",
    "fecha_alerta_superior_calificacion": "2026-05-17",
    "condicion": "Activo",
    "status": "Programado",
    "status_celda": "Programado",
    "status_test": "Programado",
    "status_mantenimiento": "Programado",
    "status_calificacion": "Programado",
    "realizado_por": null,
    "realizado_por_celda": null,
    "realizado_por_test": null,
    "realizado_por_mantenimiento": null,
    "realizado_por_calificacion": null,
    "observaciones": "Ninguna"
  }
},
{
  "model": "Secuencias.lavado_buzo",
  "pk": 4,
  "fields": {
    "sistema": 4,
    "fecha_lavado_buzo": "2026-04-09",
    "fecha_lavado_celda": "2026-04-16",
    "fecha_test_diagnostico": "2026-04-10",
    "fecha_mantenimiento": "2026-01-15",
    "fecha_calificacion": "2026-01-07",
    "fecha_alerta_inferior": "2026-04-06",
    "fecha_alerta_superior": "2026-04-12",
    "fecha_alerta_inferior_celda": "2026-04-13",
    "fecha_alerta_superior_celda": "2026-04-19",
    "fecha_alerta_inferior_test": "2026-04-07",
    "fecha_alerta_superior_test": "2026-04-13",
    "fecha_alerta_inferior_mantenimiento": "2025-12-15",
    "fecha_alerta_superior_mantenimiento": "2026-02-15",
    "fecha_alerta_inferior_calificacion": "2025-12-07",
    "fecha_alerta_superior_calificacion": "2026-02-07",
    "condicion": "Activo",
    "status": "Programado",
    "status_celda": "Programado",
    "status_test": "Programado",
    "status_mantenimiento": "Programado",
    "status_calificacion": "Programado",
    "realizado_por": null,
    "realizado_por_celda": null,
    "realizado_por_test": null,
    "realizado_por_mantenimiento": null,
    "realizado_por_calificacion": null,
    "observaciones": null
  }
},
{
  "model": "Secuencias.lavado_buzo",
  "pk": 5,
  "fields": {
    "sistema": 5,
    "fecha_lavado_buzo": "2026-03-25",
    "fecha_lavado_celda": "2026-03-04",
    "fecha_test_diagnostico": "2026-02-27",
    "fecha_mantenimiento": "2026-02-27",
    "fecha_calificacion": "2026-03-05",
    "fecha_alerta_inferior": "2026-03-22",
    "fecha_alerta_superior": "2026-03-28",
    "fecha_alerta_inferior_celda": "2026-03-01",
    "fecha_alerta_superior_celda": "2026-03-07",
    "fecha_alerta_inferior_test": "2026-02-24",
    "fecha_alerta_superior_test": "2026-03-02",
    "fecha_alerta_inferior_mantenimiento": "2026-01-27",
    "fecha_alerta_superior_mantenimiento": "2026-03-27",
    "fecha_alerta_inferior_calificacion": "2026-02-05",
    "fecha_alerta_superior_calificacion": "2026-04-05",
    "condicion": "Activo",
    "status": "Programado",
    "status_celda": "Programado",
    "status_test": "Programado",
    "status_mantenimiento": "Programado",
    "status_calificacion": "Programado",
    "realizado_por": null,
    "realizado_por_celda": null,
    "realizado_por_test": null,
    "realizado_por_mantenimiento": null,
    "realizado_por_calificacion": null,
    "observaciones": "Ninguna"
  }
},
{
  "model": "Secuencias.lavado_buzo",
  "pk": 6,
  "fields": {
    "sistema": 5,
    "fecha_lavado_buzo": "2026-02-23",
    "fecha_lavado_celda": null,
    "fecha_test_diagnostico": null,
    "fecha_mantenimiento": "2026-02-27",
    "fecha_calificacion": "2026-03-05",
    "fecha_alerta_inferior": "2026-03-22",
    "fecha_alerta_superior": "2026-03-28",
    "fecha_alerta_inferior_celda": "2026-03-01",
    "fecha_alerta_superior_celda": "2026-03-07",
    "fecha_alerta_inferior_test": "2026-02-24",
    "fecha_alerta_superior_test": "2026-03-02",
    "fecha_alerta_inferior_mantenimiento": "2026-01-27",
    "fecha_alerta_superior_mantenimiento": "2026-03-27",
    "fecha_alerta_inferior_calificacion": "2026-02-05",
    "fecha_alerta_superior_calificacion": "2026-04-05",
    "condicion": "Activo",
    "status": "Realizado",
    "status_celda": "Pendiente",
    "status_test": "Pendiente",
    "status_mantenimiento": "Pendiente",
    "status_calificacion": "Pendiente",
    "realizado_por": "Analista",
    "realizado_por_celda": null,
    "realizado_por_test": null,
    "realizado_por_mantenimiento": null,
    "realizado_por_calificacion": null,
    "observaciones": "Ninguna"
  }
},
{
  "model": "admin.logentry",
  "pk": 1,
  "fields": {
    "action_time": "2025-02-28T03:01:22.950Z",
    "user": [
      "hassan"
    ],
    "content_type": [
      "auth",
      "group"
    ],
    "object_id": "1",
    "object_repr": "Administrador",
    "action_flag": 1,
    "change_message": "[{\"added\": {}}]"
  }
},
{
  "model": "admin.logentry",
  "pk": 2,
  "fields": {
    "action_time": "2025-02-28T03:01:59.702Z",
    "user": [
      "hassan"
    ],
    "content_type": [
      "auth",
      "user"
    ],
    "object_id": "2",
    "object_repr": "usuario_analista",
    "action_flag": 1,
    "change_message": "[{\"added\": {}}]"
  }
},
{
  "model": "admin.logentry",
  "pk": 3,
  "fields": {
    "action_time": "2025-02-28T03:02:48.910Z",
    "user": [
      "hassan"
    ],
    "content_type": [
      "auth",
      "user"
    ],
    "object_id": "3",
    "object_repr": "usuario_administrador",
    "action_flag": 1,
    "change_message": "[{\"added\": {}}]"
  }
},
{
  "model": "admin.logentry",
  "pk": 4,
  "fields": {
    "action_time": "2025-02-28T03:03:03.883Z",
    "user": [
      "hassan"
    ],
    "content_type": [
      "auth",
      "group"
    ],
    "object_id": "2",
    "object_repr": "Analista",
    "action_flag": 1,
    "change_message": "[{\"added\": {}}]"
  }
},
{
  "model": "admin.logentry",
  "pk": 5,
  "fields": {
    "action_time": "2025-02-28T03:03:17.034Z",
    "user": [
      "hassan"
    ],
    "content_type": [
      "auth",
      "user"
    ],
    "object_id": "2",
    "object_repr": "usuario_analista",
    "action_flag": 2,
    "change_message": "[{\"changed\": {\"fields\": [\"Groups\"]}}]"
  }
},
{
  "model": "admin.logentry",
  "pk": 6,
  "fields": {
    "action_time": "2025-02-28T03:03:45.045Z",
    "user": [
      "hassan"
    ],
    "content_type": [
      "auth",
      "user"
    ],
    "object_id": "3",
    "object_repr": "usuario_administrador",
    "action_flag": 2,
    "change_message": "[{\"changed\": {\"fields\": [\"Groups\"]}}]"
  }
},
{
  "model": "admin.logentry",
  "pk": 7,
  "fields": {
    "action_time": "2025-02-28T03:06:16.585Z",
    "user": [
      "hassan"
    ],
    "content_type": [
      "auth",
      "user"
    ],
    "object_id": "3",
    "object_repr": "usuario_administrador",
    "action_flag": 2,
    "change_message": "[{\"changed\": {\"fields\": [\"password\"]}}]"
  }
},
{
  "model": "admin.logentry",
  "pk": 8,
  "fields": {
    "action_time": "2025-02-28T03:06:28.728Z",
    "user": [
      "hassan"
    ],
    "content_type": [
      "auth",
      "user"
    ],
    "object_id": "3",
    "object_repr": "usuario_administrador",
    "action_flag": 2,
    "change_message": "[]"
  }
},
{
  "model": "admin.logentry",
  "pk": 9,
  "fields": {
    "action_time": "2026-02-23T14:34:03.567Z",
    "user": [
      "hassan"
    ],
    "content_type": [
      "auth",
      "group"
    ],
    "object_id": "1",
    "object_repr": "Administrador",
    "action_flag": 3,
    "change_message": ""
  }
},
{
  "model": "admin.logentry",
  "pk": 10,
  "fields": {
    "action_time": "2026-02-23T14:34:07.650Z",
    "user": [
      "hassan"
    ],
    "content_type": [
      "auth",
      "group"
    ],
    "object_id": "2",
    "object_repr": "Analista",
    "action_flag": 3,
    "change_message": ""
  }
},
{
  "model": "admin.logentry",
  "pk": 11,
  "fields": {
    "action_time": "2026-02-23T14:34:27.898Z",
    "user": [
      "hassan"
    ],
    "content_type": [
      "auth",
      "group"
    ],
    "object_id": "3",
    "object_repr": "Analista",
    "action_flag": 1,
    "change_message": "[{\"added\": {}}]"
  }
},
{
  "model": "admin.logentry",
  "pk": 12,
  "fields": {
    "action_time": "2026-02-23T14:34:59.947Z",
    "user": [
      "hassan"
    ],
    "content_type": [
      "auth",
      "group"
    ],
    "object_id": "4",
    "object_repr": "Revisor",
    "action_flag": 1,
    "change_message": "[{\"added\": {}}]"
  }
},
{
  "model": "admin.logentry",
  "pk": 13,
  "fields": {
    "action_time": "2026-02-23T14:35:32.064Z",
    "user": [
      "hassan"
    ],
    "content_type": [
      "auth",
      "group"
    ],
    "object_id": "5",
    "object_repr": "Administrador",
    "action_flag": 1,
    "change_message": "[{\"added\": {}}]"
  }
},
{
  "model": "admin.logentry",
  "pk": 14,
  "fields": {
    "action_time": "2026-02-23T14:35:52.244Z",
    "user": [
      "hassan"
    ],
    "content_type": [
      "auth",
      "user"
    ],
    "object_id": "4",
    "object_repr": "marlon",
    "action_flag": 3,
    "change_message": ""
  }
},
{
  "model": "admin.logentry",
  "pk": 15,
  "fields": {
    "action_time": "2026-02-23T14:36:01.176Z",
    "user": [
      "hassan"
    ],
    "content_type": [
      "auth",
      "user"
    ],
    "object_id": "3",
    "object_repr": "usuario_administrador",
    "action_flag": 3,
    "change_message": ""
  }
},
{
  "model": "admin.logentry",
  "pk": 16,
  "fields": {
    "action_time": "2026-02-23T14:36:05.695Z",
    "user": [
      "hassan"
    ],
    "content_type": [
      "auth",
      "user"
    ],
    "object_id": "2",
    "object_repr": "usuario_analista",
    "action_flag": 3,
    "change_message": ""
  }
},
{
  "model": "admin.logentry",
  "pk": 17,
  "fields": {
    "action_time": "2026-02-23T14:39:05.884Z",
    "user": [
      "hassan"
    ],
    "content_type": [
      "auth",
      "user"
    ],
    "object_id": "5",
    "object_repr": "analista_demo",
    "action_flag": 1,
    "change_message": "[{\"added\": {}}]"
  }
},
{
  "model": "admin.logentry",
  "pk": 18,
  "fields": {
    "action_time": "2026-02-23T14:40:10.797Z",
    "user": [
      "hassan"
    ],
    "content_type": [
      "auth",
      "user"
    ],
    "object_id": "6",
    "object_repr": "revisor_demo",
    "action_flag": 1,
    "change_message": "[{\"added\": {}}]"
  }
},
{
  "model": "admin.logentry",
  "pk": 19,
  "fields": {
    "action_time": "2026-02-23T14:40:37.113Z",
    "user": [
      "hassan"
    ],
    "content_type": [
      "auth",
      "user"
    ],
    "object_id": "7",
    "object_repr": "admin_demo",
    "action_flag": 1,
    "change_message": "[{\"added\": {}}]"
  }
},
{
  "model": "admin.logentry",
  "pk": 20,
  "fields": {
    "action_time": "2026-02-23T14:45:51.731Z",
    "user": [
      "hassan"
    ],
    "content_type": [
      "auth",
      "user"
    ],
    "object_id": "7",
    "object_repr": "Administrador",
    "action_flag": 2,
    "change_message": "[{\"changed\": {\"fields\": [\"Username\"]}}]"
  }
},
{
  "model": "admin.logentry",
  "pk": 21,
  "fields": {
    "action_time": "2026-02-23T14:46:03.332Z",
    "user": [
      "hassan"
    ],
    "content_type": [
      "auth",
      "user"
    ],
    "object_id": "5",
    "object_repr": "Analista",
    "action_flag": 2,
    "change_message": "[{\"changed\": {\"fields\": [\"Username\"]}}]"
  }
},
{
  "model": "admin.logentry",
  "pk": 22,
  "fields": {
    "action_time": "2026-02-23T14:46:18.813Z",
    "user": [
      "hassan"
    ],
    "content_type": [
      "auth",
      "user"
    ],
    "object_id": "6",
    "object_repr": "Auditor",
    "action_flag": 2,
    "change_message": "[{\"changed\": {\"fields\": [\"Username\"]}}]"
  }
},
{
  "model": "admin.logentry",
  "pk": 23,
  "fields": {
    "action_time": "2026-02-23T15:12:45.831Z",
    "user": [
      "hassan"
    ],
    "content_type": [
      "auth",
      "user"
    ],
    "object_id": "7",
    "object_repr": "Administrador",
    "action_flag": 2,
    "change_message": "[{\"changed\": {\"fields\": [\"First name\", \"Groups\"]}}]"
  }
},
{
  "model": "admin.logentry",
  "pk": 24,
  "fields": {
    "action_time": "2026-02-23T15:13:04.539Z",
    "user": [
      "hassan"
    ],
    "content_type": [
      "auth",
      "user"
    ],
    "object_id": "5",
    "object_repr": "Analista",
    "action_flag": 2,
    "change_message": "[{\"changed\": {\"fields\": [\"First name\", \"Groups\"]}}]"
  }
},
{
  "model": "admin.logentry",
  "pk": 25,
  "fields": {
    "action_time": "2026-02-23T15:13:37.415Z",
    "user": [
      "hassan"
    ],
    "content_type": [
      "auth",
      "group"
    ],
    "object_id": "4",
    "object_repr": "Auditor",
    "action_flag": 2,
    "change_message": "[{\"changed\": {\"fields\": [\"Name\"]}}]"
  }
},
{
  "model": "admin.logentry",
  "pk": 26,
  "fields": {
    "action_time": "2026-02-23T15:14:26.856Z",
    "user": [
      "hassan"
    ],
    "content_type": [
      "auth",
      "user"
    ],
    "object_id": "6",
    "object_repr": "Auditor",
    "action_flag": 2,
    "change_message": "[{\"changed\": {\"fields\": [\"First name\", \"Groups\"]}}]"
  }
},
{
  "model": "admin.logentry",
  "pk": 27,
  "fields": {
    "action_time": "2026-02-23T15:26:49.225Z",
    "user": [
      "19602606"
    ],
    "content_type": [
      "auth",
      "group"
    ],
    "object_id": "6",
    "object_repr": "Administrador_demo",
    "action_flag": 1,
    "change_message": "[{\"added\": {}}]"
  }
},
{
  "model": "admin.logentry",
  "pk": 28,
  "fields": {
    "action_time": "2026-02-23T15:27:35.190Z",
    "user": [
      "19602606"
    ],
    "content_type": [
      "auth",
      "user"
    ],
    "object_id": "7",
    "object_repr": "Administrador_real",
    "action_flag": 2,
    "change_message": "[{\"changed\": {\"fields\": [\"Username\"]}}]"
  }
},
{
  "model": "admin.logentry",
  "pk": 29,
  "fields": {
    "action_time": "2026-02-23T15:30:35.886Z",
    "user": [
      "19602606"
    ],
    "content_type": [
      "auth",
      "user"
    ],
    "object_id": "7",
    "object_repr": "Administrador_real",
    "action_flag": 2,
    "change_message": "[{\"changed\": {\"fields\": [\"password\"]}}]"
  }
},
{
  "model": "admin.logentry",
  "pk": 30,
  "fields": {
    "action_time": "2026-02-23T15:31:24.298Z",
    "user": [
      "19602606"
    ],
    "content_type": [
      "auth",
      "user"
    ],
    "object_id": "9",
    "object_repr": "Administrador",
    "action_flag": 1,
    "change_message": "[{\"added\": {}}]"
  }
},
{
  "model": "admin.logentry",
  "pk": 31,
  "fields": {
    "action_time": "2026-02-23T15:32:15.199Z",
    "user": [
      "19602606"
    ],
    "content_type": [
      "auth",
      "user"
    ],
    "object_id": "9",
    "object_repr": "Administrador",
    "action_flag": 2,
    "change_message": "[{\"changed\": {\"fields\": [\"First name\", \"Groups\", \"Last login\"]}}]"
  }
},
{
  "model": "admin.logentry",
  "pk": 32,
  "fields": {
    "action_time": "2026-02-23T15:33:02.213Z",
    "user": [
      "19602606"
    ],
    "content_type": [
      "auth",
      "user"
    ],
    "object_id": "7",
    "object_repr": "Administrador_real",
    "action_flag": 2,
    "change_message": "[{\"changed\": {\"fields\": [\"First name\"]}}]"
  }
},
{
  "model": "admin.logentry",
  "pk": 33,
  "fields": {
    "action_time": "2026-02-23T16:09:57.603Z",
    "user": [
      "hassan"
    ],
    "content_type": [
      "auth",
      "group"
    ],
    "object_id": "5",
    "object_repr": "Superusuario",
    "action_flag": 2,
    "change_message": "[{\"changed\": {\"fields\": [\"Name\"]}}]"
  }
},
{
  "model": "admin.logentry",
  "pk": 34,
  "fields": {
    "action_time": "2026-02-23T16:10:05.568Z",
    "user": [
      "hassan"
    ],
    "content_type": [
      "auth",
      "group"
    ],
    "object_id": "6",
    "object_repr": "Administrador",
    "action_flag": 2,
    "change_message": "[{\"changed\": {\"fields\": [\"Name\"]}}]"
  }
},
{
  "model": "admin.logentry",
  "pk": 35,
  "fields": {
    "action_time": "2026-02-23T20:54:29.534Z",
    "user": [
      "hassan"
    ],
    "content_type": [
      "Protocolo_Metodos",
      "celda"
    ],
    "object_id": "2",
    "object_repr": "Celda No 2",
    "action_flag": 3,
    "change_message": ""
  }
},
{
  "model": "admin.logentry",
  "pk": 36,
  "fields": {
    "action_time": "2026-02-23T21:04:32.756Z",
    "user": [
      "19602606"
    ],
    "content_type": [
      "Protocolo_Metodos",
      "estadoprotocolo"
    ],
    "object_id": "8",
    "object_repr": "En curso En curso",
    "action_flag": 3,
    "change_message": ""
  }
},
{
  "model": "admin.logentry",
  "pk": 37,
  "fields": {
    "action_time": "2026-02-23T21:34:37.921Z",
    "user": [
      "19602606"
    ],
    "content_type": [
      "Protocolo_Metodos",
      "protocolos"
    ],
    "object_id": "1",
    "object_repr": "0001",
    "action_flag": 2,
    "change_message": "[{\"changed\": {\"fields\": [\"Parametro\", \"Estado Protocolo\"]}}]"
  }
},
{
  "model": "admin.logentry",
  "pk": 38,
  "fields": {
    "action_time": "2026-02-24T01:19:00.345Z",
    "user": [
      "hassan"
    ],
    "content_type": [
      "Protocolo_Metodos",
      "estadoprotocolo"
    ],
    "object_id": "7",
    "object_repr": "No Aplica (Sin motivo)",
    "action_flag": 3,
    "change_message": ""
  }
}
]
